{"type":"FeatureCollection","features":[{"type":"Feature","properties":{},"geometry":{"type":"LineString","coordinates":[[7.889127396047115,47.98905808478594],[7.889127396047115,47.98905900679529],[7.889168299734592,47.989051043987274],[7.889311295002699,47.98903310671449],[7.889494355767965,47.98901508562267],[7.889835750684142,47.98900200985372],[7.89011369459331,47.988964039832354],[7.890202458947897,47.98898734152317],[7.890285020694137,47.98912312835455],[7.8903203923255205,47.98925656825304],[7.890352662652731,47.98937198705971],[7.890467997640371,47.9896145593375],[7.890509236603975,47.98970642499626],[7.890573274344206,47.989835338667035],[7.8905904572457075,47.98987800255418],[7.890672516077757,47.99008679576218],[7.890758262947202,47.99033984541893],[7.890795394778252,47.99042341299355],[7.890897402539849,47.99045308493078],[7.891200324520469,47.99047563225031],[7.891707345843315,47.990392399951816],[7.89220355451107,47.99031486734748],[7.8925291914492846,47.990260887891054],[7.892889780923724,47.99018151126802],[7.893108716234565,47.99014010466635],[7.8934144880622625,47.990063494071364],[7.893680697306991,47.98999132588506],[7.893941709771752,47.98991379328072],[7.894145892933011,47.98982645384967],[7.894531209021807,47.989746406674385],[7.894816277548671,47.98966761678457],[7.8950858395546675,47.98960332758725],[7.89523059502244,47.989579774439335],[7.895499067381024,47.98950869590044],[7.89569235406816,47.98944306559861],[7.895873235538602,47.989349104464054],[7.896020673215389,47.98925304785371],[7.8962429612874985,47.98911684192717],[7.89646684192121,47.98900494351983],[7.896682173013687,47.9888975713402],[7.897057682275772,47.98867511563003],[7.897428665310144,47.98847026191652],[7.897648019716144,47.988348891958594],[7.897789757698774,47.988273203372955],[7.898149760439992,47.988061644136906],[7.898410186171532,47.987750340253115],[7.898712186142802,47.98752226866782],[7.898858534172177,47.98734599724412],[7.899026172235608,47.987142987549305],[7.899165898561478,47.9869603458792],[7.89924954995513,47.98683880828321],[7.899384666234255,47.98663018271327],[7.899641655385494,47.986302031204104],[7.89974257349968,47.986130537465215],[7.899887915700674,47.98595820553601],[7.9000768437981606,47.98571110703051],[7.900228053331375,47.985533410683274],[7.900388985872269,47.985347248613834],[7.900539105758071,47.985209031030536],[7.900766674429178,47.98502295278013],[7.900955015793443,47.98486235551536],[7.901312755420804,47.98460000194609],[7.901523560285568,47.98445491120219],[7.901705950498581,47.984340162947774],[7.901881970465183,47.984231701120734],[7.902127979323268,47.98406548798084],[7.902343142777681,47.983926767483354],[7.902543218806386,47.98381956294179],[7.902652267366648,47.98387287184596],[7.902819151058793,47.984022153541446],[7.902641454711556,47.984165819361806],[7.902498794719577,47.984271850436926],[7.902195118367672,47.98446320928633],[7.9020768497139215,47.984566474333405],[7.901931339874864,47.984645180404186],[7.901761522516608,47.984766298905015],[7.901415266096592,47.985037453472614],[7.901213262230158,47.985172318294644],[7.901136400178075,47.98524683341384],[7.900977898389101,47.98534305766225],[7.90085275657475,47.985480604693294],[7.900711689144373,47.98562150448561],[7.900511110201478,47.9858601372689],[7.900269208475947,47.98614554107189],[7.900184718891978,47.986315693706274],[7.8999826312065125,47.986634289845824],[7.899865536019206,47.98673772253096],[7.8998061921447515,47.98688390292227],[7.8996960539370775,47.987034022808075],[7.899547778069973,47.98722370527685],[7.89938835427165,47.98740902915597],[7.899148296564817,47.98765428364277],[7.899103537201881,47.98775553703308],[7.899062884971499,47.987803649157286],[7.898838920518756,47.98797522671521],[7.8986340668052435,47.98815317451954],[7.898547649383545,47.988256523385644],[7.898346986621618,47.98853304237127],[7.8981690388172865,47.98867268487811],[7.898076921701431,47.98875390551984],[7.897769305855036,47.98881350085139],[7.897461941465735,47.988893296569586],[7.897213585674763,47.988993963226676],[7.89678149856627,47.98917098902166],[7.89657580666244,47.98927525989711],[7.8963227570056915,47.989396126940846],[7.895978512242436,47.98954239115119],[7.895740382373333,47.98964984714985],[7.895334865897894,47.989800889045],[7.895105620846152,47.98991144634783],[7.894906047731638,47.98999685794115],[7.894559036940336,47.990139769390225],[7.894461806863546,47.99018343910575],[7.894280590116978,47.99026197753847],[7.894062073901296,47.99028863199055],[7.893890915438533,47.99033087678254],[7.893644403666258,47.99045844934881],[7.893478022888303,47.99056590534747],[7.893044175580144,47.99070714041591],[7.892745025455952,47.990739243105054],[7.892365828156471,47.99077520146966],[7.892041029408574,47.99079297110438],[7.891724780201912,47.99081392586231],[7.891250951215625,47.99089162610471],[7.890924056991935,47.99112883396447],[7.890602275729179,47.99127258360386],[7.890262054279447,47.99132941290736],[7.889952762052417,47.99133653752506],[7.889521513134241,47.9913049377501],[7.889193445444107,47.991316337138414],[7.88875138387084,47.991409627720714],[7.888471260666847,47.99150719307363],[7.888173451647162,47.99160693772137],[7.88763877004385,47.991666784510016],[7.887339200824499,47.991670556366444],[7.887009372934699,47.99167675897479],[7.886688429862261,47.991689248010516],[7.8863627929240465,47.991756135597825],[7.886067666113377,47.99181397072971],[7.885760804638267,47.991855293512344],[7.885414967313409,47.99189577810466],[7.885081535205245,47.991865100339055],[7.884771069511771,47.99189234152436],[7.884382652118802,47.99195461906493],[7.883869092911482,47.99200742505491],[7.883749986067414,47.992001976817846],[7.883287388831377,47.99196735955775],[7.883161827921867,47.991958893835545],[7.882687831297517,47.99200004898012],[7.882517175748944,47.992017986252904],[7.8820342104882,47.99203089438379],[7.881642105057836,47.99202460795641],[7.881317809224129,47.99198169261217],[7.881024107336998,47.99192436039448],[7.880830066278577,47.99192050471902],[7.880643401294947,47.99193911254406],[7.880448941141367,47.99198420718312],[7.880282895639539,47.99198219552636],[7.880054907873273,47.99196467734873],[7.879902860149741,47.991934418678284],[7.879608739167452,47.99184582196176],[7.8793570306152105,47.99177893437445],[7.878955705091357,47.9916625097394],[7.878769291564822,47.991566034033895],[7.878581201657653,47.99147475510836],[7.87831038236618,47.99134592525661],[7.877910481765866,47.99123059026897],[7.877456601709127,47.99108876846731],[7.877058796584606,47.99097913317382],[7.876852601766586,47.99095558002591],[7.87637148052454,47.9909095633775],[7.87599571980536,47.99088902771473],[7.8757290076464415,47.99087821505964],[7.8752106707543135,47.99090461805463],[7.874893834814429,47.990922052413225],[7.874427298083901,47.99095683731139],[7.873977357521653,47.99097787588835],[7.873642584308982,47.99099505878985],[7.8733275923877954,47.99099992029369],[7.873080242425203,47.99100494943559],[7.872583279386163,47.991034872829914],[7.8722794353961945,47.99103914760053],[7.872015908360481,47.99107619561255],[7.871547946706414,47.991090193390846],[7.8712371457368135,47.99110561609268],[7.870955932885408,47.991120954975486],[7.870692238211632,47.991117518395185],[7.870432985946536,47.99114073626697],[7.870081532746553,47.99118532799184],[7.869671992957592,47.99120242707431],[7.86947350949049,47.99122069962323],[7.869278630241752,47.991235200315714],[7.868754426017404,47.991254311054945],[7.868692483752966,47.991262106224895],[7.868316303938627,47.99130829051137],[7.868247153237462,47.99128859303892],[7.868254696950316,47.99111098051071],[7.868302809074521,47.99093051813543],[7.8684681840240955,47.99095558002591],[7.868738081306219,47.99097795970738],[7.869013259187341,47.990969410166144],[7.8693057876080275,47.990951389074326],[7.869768301025033,47.99096572212875],[7.870003078132868,47.99097301438451],[7.870066864416003,47.99095859751105],[7.870514458045363,47.990935714915395],[7.8708999417722225,47.99091040156782],[7.8710530791431665,47.990913670510054],[7.871268913149834,47.990891709923744],[7.871717177331448,47.99089782871306],[7.871853299438953,47.99090897664428],[7.872364930808544,47.990883998572826],[7.872609347105026,47.990859020501375],[7.872946718707681,47.99083177931607],[7.873475449159741,47.990797497332096],[7.873920612037182,47.99075676128268],[7.874248847365379,47.990702698007226],[7.874484211206436,47.99067503772676],[7.874819822609425,47.99067512154579],[7.8751561883836985,47.990679647773504],[7.8754256665706635,47.99063463695347],[7.875627335160971,47.99067361280322],[7.875930843874812,47.9906661529094],[7.876434093341231,47.99066917039454],[7.8766063414514065,47.99067948013544],[7.877133060246706,47.990714935585856],[7.877499517053366,47.990709990262985],[7.877788860350847,47.99077427946031],[7.878061188384891,47.99084024503827],[7.878373162820935,47.99096622504294],[7.878699721768498,47.991138976067305],[7.879057545214891,47.99135682173073],[7.879257453605533,47.99144910648465],[7.879401370882988,47.991511803120375],[7.879566075280309,47.99154398962855],[7.879684427753091,47.991558238863945],[7.879869919270277,47.991634011268616],[7.880305107682943,47.9917193390429],[7.880787821486592,47.99170601181686],[7.8810920007526875,47.991701401770115],[7.881664987653494,47.991661839187145],[7.882129512727261,47.99165337346494],[7.882581381127238,47.9916159901768],[7.883009947836399,47.99158975481987],[7.8834677673876286,47.99156083725393],[7.883801702409983,47.99153250642121],[7.884271005168557,47.99149554222822],[7.884566802531481,47.99148087389767],[7.884842650964856,47.991465367376804],[7.885397030040622,47.991431169211864],[7.88569794036448,47.991414573043585],[7.886200184002519,47.99135807901621],[7.886278722435236,47.99135455861688],[7.886746097356081,47.99132346175611],[7.887049103155732,47.991288090124726],[7.887566098943353,47.99117971211672],[7.887827614322305,47.99114861525595],[7.888149982318282,47.99107393249869],[7.888238243758678,47.991060772910714],[7.888758843764663,47.9909803904593],[7.889140555635095,47.990918615832925],[7.88943300023675,47.990863965824246],[7.889657719060779,47.99082029610872],[7.890207739546895,47.990710912272334],[7.890544021502137,47.990651316940784],[7.890810817480087,47.99051729030907],[7.890793634578586,47.99029785208404],[7.89069858379662,47.99010205082595],[7.890591882169247,47.989890575408936],[7.890514936298132,47.98971505835652],[7.890423573553562,47.989482963457704],[7.890342939645052,47.98925204202533],[7.890225928276777,47.98905950970948],[7.8900635708123446,47.98897912725806],[7.889740029349923,47.989027071744204],[7.889197301119566,47.98905213363469],[7.8889103047549725,47.989066215232015],[7.888781642541289,47.98887779004872],[7.88875968195498,47.988782403990626],[7.888778960332274,47.98887988552451],[7.888831095770001,47.989041823893785],[7.888950454071164,47.98907250165939],[7.889119014143944,47.98906093463302],[7.889123875647783,47.98905079253018],[7.889124630019069,47.989048697054386],[7.88913594558835,47.98905070871115],[7.889323364943266,47.98902346752584],[7.889435514807701,47.98897954635322],[7.889420259743929,47.9889995791018],[7.8894934337586164,47.988952891901135],[7.889603991061449,47.988888854160905],[7.889600973576307,47.98889354802668],[7.889570044353604,47.988912742584944],[7.889568619430065,47.98891223967075],[7.889564763754606,47.988912742584944],[7.8895434737205505,47.98891852609813],[7.889444651082158,47.98891307786107],[7.889438113197684,47.988920621573925],[7.889413554221392,47.9889599326998],[7.889398047700524,47.988953897729516],[7.889396203681827,47.988961692899466],[7.8894619178026915,47.98901223577559],[7.889463761821389,47.98899555578828],[7.889446495100856,47.98897066153586],[7.889447836205363,47.98895783722401],[7.889450769871473,47.98895062878728],[7.889441214501858,47.988935289904475],[7.8894465789198875,47.988939648494124],[7.889449428766966,47.98894367180765],[7.889449428766966,47.98894283361733],[7.889448758214712,47.98894627019763],[7.889447836205363,47.98895171843469],[7.8894476685673,47.98895171843469],[7.8894471656531096,47.98895222134888],[7.889446998015046,47.98895222134888],[7.889446411281824,47.98895230516791],[7.889446076005697,47.98895255662501],[7.889445908367634,47.988953310996294],[7.889433838427067,47.98894534818828],[7.889427468180656,47.98896588385105],[7.88939343765378,47.98898784443736],[7.889334512874484,47.989025730639696],[7.889251196756959,47.98904836177826],[7.889135358855128,47.98905288800597],[7.889113901183009,47.989086331799626],[7.889244658872485,47.98906143754721],[7.889432245865464,47.98903805203736],[7.889526374638081,47.989042326807976],[7.889681775122881,47.989050624892116],[7.889828626066446,47.98905339092016],[7.890059044584632,47.98901458270848],[7.890277812257409,47.98913821578026],[7.890311423689127,47.98931851051748],[7.890388537198305,47.98949972726405],[7.89048065431416,47.98969494178891],[7.890556510537863,47.98988487571478],[7.890657680109143,47.99011076800525],[7.890741415321827,47.99034437164664],[7.890766896307468,47.990388879552484],[7.890896899625659,47.99047999083996],[7.891395203769207,47.99047362059355],[7.891619335860014,47.99043229781091],[7.892066761851311,47.99035937525332],[7.892426513135433,47.9903017077595],[7.892551068216562,47.990276142954826],[7.89276740513742,47.990227695554495],[7.89303470402956,47.990174889564514],[7.893464108929038,47.99007698893547],[7.893554465845227,47.990058129653335],[7.893807096406817,47.98999425955117],[7.894161734730005,47.98987993039191],[7.894434398040175,47.9897834546864],[7.894577896222472,47.98975923098624],[7.8950119111686945,47.98965026624501],[7.895268313586712,47.98960651271045],[7.895620102062821,47.989475252106786],[7.895707692950964,47.98943015746772],[7.896048920229077,47.989257741719484],[7.8962682746350765,47.98914106562734],[7.896516295149922,47.989027155563235],[7.896687788888812,47.98892246559262],[7.8970864322036505,47.98869213089347],[7.897209897637367,47.98861392773688],[7.8975726664066315,47.98843698576093],[7.897889669984579,47.98824177123606],[7.89817800745368,47.98806591890752],[7.898342460393906,47.987907165661454],[7.898539183661342,47.98770172521472],[7.898662565276027,47.98760239966214],[7.89877362549305,47.98747289925814],[7.89893832989037,47.987305764108896],[7.899070009589195,47.987134689465165],[7.899173861369491,47.98700049519539],[7.899375278502703,47.98672649078071],[7.89950511418283,47.98661844804883],[7.899666717275977,47.986370008438826],[7.899716841056943,47.98627152107656],[7.899796050041914,47.986128525808454],[7.899939296767116,47.98590355552733],[7.900017835199833,47.98581068404019],[7.900174828246236,47.985606249421835],[7.900375658646226,47.98539385199547],[7.900551091879606,47.98521808348596],[7.900685537606478,47.98509495332837],[7.90101058781147,47.98484408296645],[7.9012590274214745,47.98465448431671],[7.901540491729975,47.984471172094345],[7.901749452576041,47.98432205803692],[7.901978949084878,47.984176967293024],[7.902365438640118,47.983925845474005],[7.902571717277169,47.98383263871074],[7.9026576317846775,47.983893156051636],[7.90281655266881,47.98401016741991],[7.902800375595689,47.98409323208034],[7.902380777522922,47.98430395312607],[7.902017338201404,47.98454359173775],[7.901833271607757,47.984663201496005],[7.901497408747673,47.98490912653506],[7.901368327438831,47.98501188866794],[7.901013772934675,47.98529419116676],[7.900702217593789,47.985607758164406],[7.900569029152393,47.98573759384453],[7.9003978706896305,47.985904812812805],[7.900273986160755,47.98604395240545],[7.900072066113353,47.98629264347255],[7.8999672923237085,47.98648224212229],[7.899873163551092,47.98661157488823],[7.899758666753769,47.98691114410758],[7.8996972274035215,47.987024299800396],[7.899631764739752,47.98708054237068],[7.8994265757501125,47.9872883297503],[7.899274360388517,47.98748572356999],[7.899095239117742,47.987682446837425],[7.899075709283352,47.987755285575986],[7.898879069834948,47.98794521950185],[7.8986656665802,47.98811704851687],[7.898393925279379,47.98845802433789],[7.898282445967197,47.98858651891351],[7.898195274174213,47.98857537098229],[7.897931411862373,47.98860722221434],[7.897698311135173,47.98870981670916],[7.897453475743532,47.988849794492126],[7.8972051199525595,47.98899211920798],[7.8970469534397125,47.989087672904134],[7.896706983447075,47.98926738090813],[7.8964829351753,47.98936855047941],[7.896109689027071,47.989522190764546],[7.895904164761305,47.989597795531154],[7.895599817857146,47.989738527685404],[7.895397143438458,47.98980533145368],[7.894969750195742,47.989955954253674],[7.894605724141002,47.99008335918188],[7.89431931450963,47.99021118320525],[7.894014464691281,47.99027631059289],[7.8939242754131556,47.990297600626945],[7.893704250454903,47.99040731973946],[7.893445668742061,47.9905522428453],[7.893200162798166,47.99064134247601],[7.892897911369801,47.99071074463427],[7.892505470663309,47.99077277071774],[7.892148904502392,47.99079850316048],[7.89181899279356,47.99080311320722],[7.891610786318779,47.990824822336435],[7.8913317527621984,47.99086212180555],[7.89114810526371,47.990951389074326],[7.890958841890097,47.99108457751572],[7.890485683456063,47.99129555001855],[7.890177061781287,47.991342237219214],[7.889860644936562,47.99134852364659],[7.889505671337247,47.991324635222554],[7.889145668596029,47.991333436220884],[7.888960679993033,47.99137073569],[7.88866781629622,47.991450196132064],[7.888319129124284,47.99158204346895],[7.8877634927630424,47.99168069846928],[7.887413129210472,47.99169486388564],[7.887095957994461,47.99170022830367],[7.886727740988135,47.99171003513038],[7.886445187032223,47.99177105538547],[7.88590170443058,47.99188085831702],[7.885553939267993,47.99191262573004],[7.885209359228611,47.9919249471277],[7.884650202468038,47.99193559214473],[7.884176876395941,47.992010274901986],[7.883700616657734,47.99202527850866],[7.8833844512701035,47.99199728295207],[7.8832377679646015,47.99199468456209],[7.882973654195666,47.992012621834874],[7.882609041407704,47.99204405397177],[7.882073102518916,47.99204908311367],[7.881719134747982,47.992041036486626],[7.881481759250164,47.99201304093003],[7.881401963531971,47.99199962988496],[7.880846578627825,47.991941375657916],[7.880559582263231,47.9919542837888],[7.880057841539383,47.99193877726793],[7.879977962002158,47.99191815778613],[7.879672273993492,47.991845989599824],[7.879396760836244,47.991788405925035],[7.878923350945115,47.991695115342736],[7.8787400387227535,47.991554886102676],[7.878661248832941,47.991485483944416],[7.878444995731115,47.991343662142754],[7.878213236108422,47.991226399317384],[7.877681907266378,47.99109631218016],[7.877439586445689,47.99104996025562],[7.877072207629681,47.990957172587514],[7.876846566796303,47.99094183370471],[7.876538364216685,47.99089313484728],[7.876228904351592,47.990899505093694],[7.875904608517885,47.99088676460087],[7.875573104247451,47.990890704095364],[7.875092485919595,47.99090503714979],[7.874522935599089,47.99092565663159],[7.874382706359029,47.990964045748115],[7.8741873241961,47.99100176431239],[7.873878451064229,47.991031520068645],[7.873548371717334,47.99103126861155],[7.873043613508344,47.991033950820565],[7.872744798660278,47.99110813066363],[7.872155634686351,47.99112355336547],[7.871866291388869,47.99113595858216],[7.871436718851328,47.9911305103451],[7.871255502104759,47.99117309041321],[7.870639348402619,47.99111626110971],[7.870330139994621,47.991135539487004],[7.869997210800648,47.99112590029836],[7.869831584393978,47.99115012399852],[7.869383739307523,47.99119697883725],[7.869098419323564,47.9912256449461],[7.8688781429082155,47.99123059026897],[7.8686160407960415,47.99125783145428],[7.868280345574021,47.99126906320453],[7.868234999477863,47.99127493053675],[7.8682496678084135,47.99113646149635],[7.868275484070182,47.990929847583175],[7.868479583412409,47.99099103547633],[7.868797341361642,47.99101123586297],[7.869045613333583,47.99098248593509],[7.869395641610026,47.990962620824575],[7.869663527235389,47.990945940837264],[7.869877433404326,47.99093806184828],[7.870022943243384,47.99094342626631],[7.87026459351182,47.99093512818217],[7.870839927345514,47.99093244597316],[7.871321216225624,47.99093982204795],[7.871874673292041,47.99091333523393],[7.87214046344161,47.99089673906565],[7.872605994343758,47.99083764664829],[7.8729061502963305,47.99083739519119],[7.873129611834884,47.9908405803144],[7.873334214091301,47.99083882011473],[7.87360779941082,47.99080193974078],[7.874067546799779,47.990758353844285],[7.874191682785749,47.990744691342115],[7.874381365254521,47.99069247208536],[7.874603234231472,47.99067403189838],[7.8750433679670095,47.99066657200456],[7.8754710126668215,47.99066632054746],[7.875692378729582,47.990710409358144],[7.876041904091835,47.9907229822129],[7.8762641083449125,47.99069473519921],[7.876449013128877,47.99066145904362],[7.8766590636223555,47.990685598924756],[7.877219896763563,47.990682162344456],[7.87755592726171,47.99071309156716],[7.87771669216454,47.99074745737016],[7.877990277484059,47.99082649871707],[7.8782273177057505,47.99090520478785],[7.878528647124767,47.99109178595245],[7.8787600714713335,47.99122916534543],[7.879027621820569,47.991344751790166],[7.879357198253274,47.99146260134876],[7.879540342837572,47.99154222942889],[7.879757769405842,47.99156536348164],[7.8799142595380545,47.99160978756845],[7.880371659994125,47.9917230270803],[7.880626218393445,47.99171858467162],[7.880971971899271,47.99170249141753],[7.8813317231833935,47.991671646013856],[7.881582509726286,47.99166896380484],[7.88187344558537,47.99165974371135],[7.88236303254962,47.9916175827384],[7.882770895957947,47.99158715642989],[7.883074153214693,47.99157575704157],[7.883444298058748,47.991556227207184],[7.883795332163572,47.99155471846461],[7.884307550266385,47.99152001738548],[7.8845692332834005,47.99150140956044],[7.884887075051665,47.991490261629224],[7.885228972882032,47.99145975150168],[7.885606996715069,47.99145581200719],[7.885946296155453,47.991432677954435],[7.88628869690001,47.99139445647597],[7.886501681059599,47.99137475900352],[7.886744840070605,47.99132916145027],[7.887160079553723,47.99127442762256],[7.887322939932346,47.99123997800052],[7.88770423270762,47.99116428941488],[7.88793632760644,47.9911254812032],[7.888301694765687,47.99107225611806],[7.888617105782032,47.99100578762591],[7.888847440481186,47.9909787978977],[7.889204677194357,47.99092565663159],[7.889486392959952,47.990878047421575],[7.889787303283811,47.99080797471106],[7.890129620209336,47.990747122094035],[7.890669582411647,47.990649808198214],[7.890811236575246,47.99058711156249],[7.890833280980587,47.99036951735616],[7.890742672607303,47.990182768553495],[7.8906396590173244,47.98997774720192],[7.890515103936195,47.98966325819492],[7.890395075082779,47.98939646221697],[7.890325086191297,47.989177694544196],[7.89008678868413,47.988971499726176],[7.889797110110521,47.989039812237024],[7.889470215886831,47.98907526768744],[7.8889155853539705,47.98909957520664],[7.888847356662154,47.98908356577158],[7.8887904435396194,47.988999746739864],[7.888751467689872,47.98880905844271],[7.888745265081525,47.98890360631049],[7.888872753828764,47.98909270204604],[7.889158660545945,47.98911013640463],[7.889154301956296,47.98908641561866],[7.889162264764309,47.98907903954387],[7.888977024704218,47.989149782806635],[7.888851296156645,47.98927618190646],[7.889075763523579,47.9888716712594],[7.889292519539595,47.98894576728344],[7.889452027156949,47.988903941586614],[7.889437107369304,47.988933278247714],[7.889527631923556,47.98891802318394],[7.889459570869803,47.98898918554187],[7.8894476685673,47.98895196989179],[7.889451356604695,47.9889512155205],[7.889452027156949,47.98895205371082],[7.889452110975981,47.98895213752985],[7.889453452080488,47.98895163461566],[7.889454122632742,47.98895163461566],[7.889452278614044,47.988950377330184],[7.889451859518886,47.988950461149216],[7.889448925852776,47.98894828185439],[7.8894476685673,47.98894710838795],[7.889447752386332,47.98894685693085],[7.889446830376983,47.9889477789402],[7.889440795406699,47.9889496229589],[7.8894350957125425,47.98895062878728],[7.889434676617384,47.98895054496825],[7.8894350957125425,47.98895062878728],[7.889435011893511,47.98895054496825],[7.889435179531574,47.98895029351115],[7.8894350957125425,47.98894979059696],[7.889435514807701,47.988949455320835],[7.889434760436416,47.98894970677793],[7.889434676617384,47.98895062878728],[7.889329819008708,47.9890254791826],[7.889144830405712,47.98907719552517],[7.889140723273158,47.98908448778093],[7.889108620584011,47.9890894331038],[7.889193696901202,47.98907577060163],[7.889274246990681,47.98906705342233],[7.8895405400544405,47.9890669696033],[7.889687390998006,47.98905028961599],[7.88983759470284,47.98903796821833],[7.889967178925872,47.98902774229646],[7.890158873051405,47.9890117328614],[7.890248643234372,47.98908373340964],[7.890287367627025,47.98927475698292],[7.890332126989961,47.989389672875404],[7.890363475307822,47.989483550190926],[7.890470176935196,47.989703910425305],[7.890553409233689,47.98985914327204],[7.89063555188477,47.990135410800576],[7.890797154977918,47.99042525701225],[7.890929086133838,47.99047512933612],[7.891148356720805,47.99047948792577],[7.891677590087056,47.99041109159589],[7.891994761303067,47.99037312157452],[7.892518881708384,47.99027832224965],[7.892583003267646,47.99025619402528],[7.892949040979147,47.9901669267565],[7.89342706091702,47.99008520320058],[7.893665358424187,47.99004480242729],[7.89393768645823,47.989957546815276],[7.8940624091774225,47.989905662834644],[7.894339682534337,47.98980818130076],[7.8945904690772295,47.989740120247006],[7.895007636398077,47.98962386325002],[7.895320281386375,47.98954498954117],[7.895529326051474,47.989477682858706],[7.895805509760976,47.989375507459044],[7.896038442850113,47.98923393711448],[7.896347315981984,47.989055989310145],[7.8966163750737906,47.98893193714321],[7.896851738914847,47.988795563578606],[7.897050641477108,47.98872834071517],[7.897260691970587,47.98863907344639],[7.89761851541698,47.98838728107512],[7.897954210639,47.988190641626716],[7.898208098486066,47.988042030483484],[7.898396356031299,47.98788411542773],[7.898514876142144,47.98772376962006],[7.8988366574049,47.987462086603045],[7.898989878594875,47.987201577052474],[7.899150140583515,47.987027652561665],[7.89925592020154,47.98691801726818],[7.899367567151785,47.986755995079875],[7.8995393961668015,47.986466735601425],[7.899682894349098,47.986243944615126],[7.899896716699004,47.985991816967726],[7.900125626474619,47.98570482060313],[7.900248169898987,47.985546570271254],[7.900436259806156,47.98534842208028],[7.90067489258945,47.98510568216443],[7.900799782946706,47.98502555117011],[7.901020897552371,47.98484802246094],[7.901257770135999,47.98467284068465],[7.901473268866539,47.98451526090503],[7.9018559865653515,47.98424117267132],[7.901981128379703,47.98418107442558],[7.902125716209412,47.98408552072942],[7.902321433648467,47.98394034616649],[7.9026317317038774,47.98378880135715],[7.9027012176811695,47.98385283909738],[7.902860892936587,47.98402240499854],[7.902628546580672,47.98415031284094],[7.902452191337943,47.98428425565362],[7.90210853330791,47.984520457684994],[7.901826146990061,47.984703769907355],[7.9016077145934105,47.98484416678548],[7.901367237791419,47.98502253368497],[7.901094825938344,47.98523895442486],[7.900824090465903,47.9854890704155],[7.900671707466245,47.98559719696641],[7.900494430214167,47.98580783419311],[7.900211289525032,47.986123664304614],[7.900087321177125,47.98629708588123],[7.899938458576798,47.986590284854174],[7.899823458865285,47.986721294000745],[7.8997705690562725,47.98684903420508],[7.899738550186157,47.98700015991926],[7.899664035066962,47.98705430701375],[7.899376535788178,47.98727424815297],[7.899238653481007,47.98747692257166],[7.899152068421245,47.98761966638267],[7.899111248552799,47.987673394382],[7.898846967145801,47.98794010654092],[7.898652171716094,47.988139344379306],[7.898437175899744,47.98842038959265],[7.89820097386837,47.988753989338875],[7.897980529814959,47.988826828077435],[7.897662436589599,47.988892290741205],[7.897350043058395,47.988944090902805],[7.8970955684781075,47.989048110321164],[7.896860623732209,47.98917920328677],[7.896591564640403,47.98930057324469],[7.8963663429021835,47.989363353699446],[7.896268526092172,47.98941138200462],[7.896146401762962,47.98944910056889],[7.895840546116233,47.98962319269776],[7.8954757656902075,47.98975311219692],[7.895358167588711,47.98980239778757],[7.895279796794057,47.989838691428304],[7.894991626963019,47.989972131326795],[7.894616536796093,47.990126609802246],[7.894409839063883,47.99021864309907],[7.8943457175046206,47.99023859202862],[7.894075233489275,47.990311766043305],[7.893830398097634,47.99036574549973],[7.8936047572642565,47.99048728309572],[7.893334440886974,47.990598510950804],[7.893015258014202,47.99069347791374],[7.892674785107374,47.99074351787567],[7.892428692430258,47.9907729383558],[7.892077658325434,47.99081560224295],[7.891750847920775,47.99082742072642],[7.8915411327034235,47.99084552563727],[7.891279868781567,47.990886429324746],[7.8909441735595465,47.991113578900695],[7.890777038410306,47.9912185203284],[7.8903478011488914,47.991339387372136],[7.890111431479454,47.99135321751237],[7.889818148687482,47.99134751781821],[7.8895909152925014,47.99130870960653],[7.889286149293184,47.99131725914776],[7.888945676386356,47.99139537848532],[7.888484755530953,47.991511886939406],[7.888233633711934,47.991595370694995],[7.887855106964707,47.9916709754616],[7.887559309601784,47.99166711978614],[7.887228224426508,47.99165974371135],[7.88675288669765,47.99167198128998],[7.886412246152759,47.99174280837178],[7.8860547579824924,47.99184129573405],[7.885743705555797,47.991889994591475],[7.885382613167167,47.991901813074946],[7.884974414482713,47.991888988763094],[7.884658081457019,47.991926707327366],[7.884401511400938,47.99195436760783],[7.883904715999961,47.99201840534806],[7.883339859545231,47.99199879169464],[7.883052779361606,47.991983788087964],[7.882557325065136,47.99203290604055],[7.882236549630761,47.99203164875507],[7.88166381418705,47.99202402122319],[7.881372291594744,47.99197582527995],[7.881082613021135,47.99191773869097],[7.880822774022818,47.99192385748029],[7.880320781841874,47.9919836204499],[7.880041413009167,47.99194950610399],[7.879876373335719,47.991909608244896],[7.8794406820088625,47.991813300177455],[7.879059053957462,47.99172059632838],[7.878751270473003,47.991570895537734],[7.878547590225935,47.99145237542689],[7.878206865862012,47.99127149395645],[7.877935292199254,47.99119379371405],[7.877556011080742,47.991105699911714],[7.877160049974918,47.991032442077994],[7.876978665590286,47.99096044152975],[7.876540794968605,47.99094124697149],[7.875999910756946,47.9909249022603],[7.87564929574728,47.990900510922074],[7.875201366841793,47.99090973101556],[7.874658973887563,47.99093445762992],[7.874404164031148,47.99097075127065],[7.87387702614069,47.99099665135145],[7.873498667031527,47.99101643264294],[7.873177472501993,47.991011906415224],[7.8727394342422485,47.99106043763459],[7.872419245541096,47.99105188809335],[7.872240040451288,47.991073094308376],[7.871720865368843,47.99112849868834],[7.871479047462344,47.99112942069769],[7.8709756303578615,47.991138054057956],[7.870746552944183,47.99113587476313],[7.870253613218665,47.991190273314714],[7.8700140584260225,47.99117669463158],[7.869678530842066,47.99118314869702],[7.8694044426083565,47.99122958444059],[7.869307799264789,47.991244001314044],[7.869051732122898,47.99126520752907],[7.8687146957963705,47.991297310218215],[7.868372714146972,47.99131114035845],[7.868325859308243,47.99132329411805],[7.868268610909581,47.991308039054275],[7.868259558454156,47.991135036572814],[7.868269952014089,47.990933703258634],[7.868351843208075,47.99093487672508],[7.86871612071991,47.9909925442189],[7.86896824836731,47.990986593067646],[7.869413075968623,47.99099740572274],[7.869744496420026,47.99096924252808],[7.870140625163913,47.99096387811005],[7.870468692854047,47.99094770103693],[7.870785444974899,47.990937642753124],[7.871321300044656,47.990957675501704],[7.8716465178877115,47.99097318202257],[7.871706951409578,47.990978211164474],[7.871915325522423,47.99095122143626],[7.872153120115399,47.99092020839453],[7.872467776760459,47.9909026902169],[7.872843453660607,47.990904031321406],[7.873400179669261,47.990832198411226],[7.873619953170419,47.99083597026765],[7.874092441052198,47.990808226168156],[7.874211883172393,47.99076044932008],[7.874260079115629,47.990741673856974],[7.874707840383053,47.990676797926426],[7.875182256102562,47.99071853980422],[7.875510407611728,47.990676211193204],[7.875784831121564,47.990688532590866],[7.876143241301179,47.99070831388235],[7.876637019217014,47.99068719148636],[7.876933570951223,47.99069993197918],[7.877426007762551,47.9906952381134],[7.877742005512118,47.990760784596205],[7.87784568965435,47.99080386757851],[7.878220109269023,47.990880478173494],[7.878448097035289,47.9910337831825],[7.878681952133775,47.99117107875645],[7.878978168591857,47.991278199478984],[7.879220824688673,47.991425385698676],[7.879438502714038,47.99149755388498],[7.879498349502683,47.99152982421219],[7.879728181287646,47.99154876731336],[7.879971424117684,47.99161029048264],[7.880138894543052,47.99165848642588],[7.880574921146035,47.99171229824424],[7.881093677133322,47.99170886166394],[7.881392827257514,47.99170207232237],[7.881642105057836,47.99166158773005],[7.882170751690865,47.991637447848916],[7.882480965927243,47.99163577146828],[7.882955968379974,47.991620851680636],[7.883280599489808,47.991597801446915],[7.883800948038697,47.99154566600919],[7.8839061409235,47.991546504199505],[7.8843357134610415,47.991520185023546],[7.88443336263299,47.99151021055877],[7.884883051738143,47.991487411782146],[7.885344224050641,47.99144717864692],[7.8857148718088865,47.99141717143357],[7.886051908135414,47.99138892441988],[7.886281404644251,47.99138942733407],[7.886717431247234,47.9913395550102],[7.886964865028858,47.991293370723724],[7.887280443683267,47.991243498399854],[7.887631729245186,47.99119295552373],[7.887838426977396,47.991171246394515],[7.888047220185399,47.99114006571472],[7.888401607051492,47.99108390696347],[7.888632025569677,47.99104677513242],[7.888951376080513,47.990985503420234],[7.8892463352531195,47.990920040756464],[7.889603488147259,47.990875197574496],[7.889901045709848,47.99080680124462],[7.890420975163579,47.99072331748903],[7.890526168048382,47.99070294946432],[7.890893965959549,47.990573197603226],[7.890876699239016,47.99037295393646],[7.890781061723828,47.990219816565514],[7.890574531629682,47.98989904113114],[7.890478391200304,47.98972352407873],[7.890345873311162,47.989418087527156],[7.890307232737541,47.9892725776881],[7.890253169462085,47.98904341645539],[7.8900267742574215,47.98897158354521],[7.889472898095846,47.98905070871115],[7.889171568676829,47.989061772823334],[7.888888260349631,47.98904827795923],[7.888735122978687,47.98877578228712],[7.888774098828435,47.98879916779697],[7.888898150995374,47.989043751731515],[7.889024633914232,47.98905171453953],[7.889179112389684,47.98906453885138],[7.889422941952944,47.989037381485105],[7.889472562819719,47.988974349573255],[7.889443226158619,47.98896370455623],[7.889439789578319,47.988930428400636],[7.889439202845097,47.98893461935222],[7.889437694102526,47.98893520608544],[7.889431659132242,47.988930428400636],[7.889420595020056,47.98892875202],[7.889414811506867,47.98892229795456],[7.889390420168638,47.98892221413553],[7.889372650533915,47.988925566896796],[7.889346079900861,47.988916179165244],[7.889380361884832,47.98892489634454],[7.889404585584998,47.98893319442868],[7.889401065185666,47.988923052325845],[7.889380864799023,47.988932859152555],[7.889382960274816,47.988919699564576],[7.889392850920558,47.98891165293753],[7.889343732967973,47.988936714828014],[7.889329232275486,47.988950377330184],[7.889321772381663,47.98891752026975],[7.889357814565301,47.98893126659095],[7.889365693554282,47.98893193714321],[7.889336524531245,47.9889290034771],[7.88934163749218,47.98894383944571],[7.889379523694515,47.98895322717726],[7.889387235045433,47.98895398154855],[7.889389414340258,47.988954819738865],[7.889401149004698,47.988960687071085],[7.889400813728571,47.98896043561399],[7.889400981366634,47.988960267975926],[7.8894012328237295,47.98896010033786],[7.889401484280825,47.98896010033786],[7.889401316642761,47.98895984888077],[7.889449177309871,47.988941073417664],[7.889437275007367,47.98893738538027],[7.889430653303862,47.98893344588578],[7.889196127653122,47.98903193324804],[7.889168970286846,47.98903084360063],[7.889162013307214,47.989040315151215],[7.889159582555294,47.989039896056056],[7.889331579208374,47.98904123716056],[7.889400143176317,47.989042745903134],[7.889501228928566,47.98903997987509],[7.889597872272134,47.989036962389946],[7.889761822298169,47.989026149734855],[7.890029372647405,47.988985162228346],[7.890228861942887,47.98901181668043],[7.890271106734872,47.989114662632346],[7.890308992937207,47.98921851441264],[7.890371102839708,47.98945454880595],[7.890471015125513,47.98966057598591],[7.8905597794801,47.989799715578556],[7.89066975004971,47.990045472979546],[7.890746360644698,47.99025074578822],[7.890793047845364,47.99039198085666],[7.890933193266392,47.99046004191041],[7.8914471715688705,47.99045794643462],[7.891804575920105,47.990409918129444],[7.892013369128108,47.99037647433579],[7.8923180513083935,47.990340599790215],[7.8924894612282515,47.99031738191843],[7.893027663230896,47.99019517377019],[7.893277276307344,47.990139685571194],[7.893546000123024,47.99007011577487],[7.893832745030522,47.98999291844666],[7.894079172983766,47.98992787487805],[7.894444707781076,47.98981513828039],[7.894724244251847,47.98976484686136],[7.894901856780052,47.98970122821629],[7.895209388807416,47.989633083343506],[7.895519519224763,47.98954247497022],[7.895787572488189,47.98941733315587],[7.896125614643097,47.98922572284937],[7.896488383412361,47.9890201985836],[7.896747887134552,47.988878544420004],[7.896991968154907,47.988724149763584],[7.897176453843713,47.98863253556192],[7.8974769450724125,47.9884990118444],[7.897858992218971,47.988270772621036],[7.898067953065038,47.98812844790518],[7.8982986230403185,47.987932143732905],[7.898539770394564,47.987699043005705],[7.8988307900726795,47.98743928782642],[7.899099765345454,47.9871242120862],[7.899312498047948,47.98689220100641],[7.899332530796528,47.986814081668854],[7.899477705359459,47.986614340916276],[7.899648696184158,47.986358692869544],[7.899788171052933,47.986135901883245],[7.899945247918367,47.98593666404486],[7.900126799941063,47.98572116531432],[7.900248086079955,47.9855443071574],[7.900595348328352,47.985215820372105],[7.900645388290286,47.985157733783126],[7.900898605585098,47.98495162278414],[7.901092227548361,47.98480871133506],[7.901469497010112,47.98451475799084],[7.901699664071202,47.98437209799886],[7.901988672092557,47.98418367281556],[7.902210541069508,47.98405459150672],[7.902499884366989,47.98382693901658],[7.902602646499872,47.98381763510406],[7.902682777494192,47.98385677859187],[7.90287958458066,47.98402089625597],[7.902715466916561,47.984137404710054],[7.902297293767333,47.98435357399285],[7.902126805856824,47.98446522094309],[7.901821117848158,47.98470502719283],[7.901484835892916,47.98495355062187],[7.901204377412796,47.98516150563955],[7.901029614731669,47.98527826555073],[7.9007562808692455,47.985563250258565],[7.900660894811153,47.98564547672868],[7.900447323918343,47.9859137814492],[7.900352105498314,47.98613321967423],[7.9002138040959835,47.98629448749125],[7.900023618713021,47.98659631982446],[7.8998153284192085,47.98683101311326],[7.899793116375804,47.98696294426918],[7.899686666205525,47.9870621021837],[7.8995361272245646,47.98719797283411],[7.89929355494678,47.98747885040939],[7.899196827784181,47.98759896308184],[7.899105213582516,47.98769837245345],[7.898970767855644,47.98793289810419],[7.8987848572432995,47.98807421699166],[7.898602969944477,47.988233137875795],[7.898372886702418,47.988511081784964],[7.898210529237986,47.98868592828512],[7.898099888116121,47.98876949585974],[7.897686492651701,47.98885230906308],[7.897211825475097,47.98896789550781],[7.896932540461421,47.989143496379256],[7.89675953797996,47.98926176503301],[7.8966031316667795,47.989346170797944],[7.896144641563296,47.98952093347907],[7.895837780088186,47.98964607529342],[7.895532762631774,47.989759147167206],[7.895263368263841,47.98986232839525],[7.894888110458851,47.99004228785634],[7.894498603418469,47.99018452875316],[7.894289307296276,47.990291733294725],[7.894054027274251,47.99033355899155],[7.893860237672925,47.990398686379194],[7.893623868003488,47.990510668605566],[7.893256153911352,47.99067688174546],[7.892966140061617,47.990716276690364],[7.892585936933756,47.9907713457942],[7.892316710203886,47.990779308602214],[7.892001047730446,47.99078903160989],[7.891723020002246,47.99079976044595],[7.891242569312453,47.99089045263827],[7.89102740585804,47.99102791585028],[7.890818193554878,47.9911754373461],[7.8904034569859505,47.99131566658616],[7.889913283288479,47.991341734305024],[7.889458313584328,47.99129521474242],[7.889327555894852,47.99130988307297],[7.889011641964316,47.99133620224893],[7.888736380264163,47.99142865464091],[7.888404540717602,47.99158128909767],[7.888191137462854,47.991665191948414],[7.88764706812799,47.99168639816344],[7.887258566915989,47.991696456447244],[7.887007026001811,47.99170307815075],[7.8865106496959925,47.991745406761765],[7.886192807927728,47.991820173338056],[7.885891981422901,47.99186920747161],[7.885575648397207,47.991903657093644],[7.88527968339622,47.99190290272236],[7.884712312370539,47.99191765487194],[7.884429842233658,47.99196794629097],[7.884116023778915,47.99200935289264],[7.883809916675091,47.99202645197511],[7.8834981098771095,47.99200708977878],[7.883231732994318,47.99197968095541],[7.882884722203016,47.99201337620616],[7.882614070549607,47.99203550443053],[7.882170751690865,47.992043970152736],[7.881855424493551,47.992046317085624],[7.88159592077136,47.99202712252736],[7.88131982088089,47.99199191853404],[7.880939869210124,47.991946740075946],[7.880806177854538,47.99195285886526],[7.880581878125668,47.99196224659681],[7.880279961973429,47.99198588356376],[7.879998832941055,47.991966772824526],[7.879838738590479,47.99191019497812],[7.8796397522091866,47.99186090938747],[7.879335070028901,47.9917901661247],[7.87898856215179,47.99169737845659],[7.878720508888364,47.991544073447585],[7.878460083156824,47.99137710593641],[7.87817501462996,47.991257244721055],[7.877638069912791,47.991135623306036],[7.877313522621989,47.99106647260487],[7.876966260373592,47.99096538685262],[7.876616315916181,47.9909198731184],[7.876284476369619,47.99095641821623],[7.875801427289844,47.99091492779553],[7.875567236915231,47.99090093001723],[7.875064825639129,47.99093496054411],[7.874622261151671,47.990948371589184],[7.874418664723635,47.99096421338618],[7.874139966443181,47.99099690280855],[7.874079030007124,47.99100134521723],[7.873896975070238,47.99100201576948],[7.87355256266892,47.990995394065976],[7.873200522735715,47.99101794138551],[7.872747061774135,47.991049038246274],[7.872527875006199,47.99106345511973],[7.871992941945791,47.99109949730337],[7.871711142361164,47.99110762774944],[7.871212670579553,47.99113302491605],[7.870757868513465,47.99115674570203],[7.870322512462735,47.991164959967136],[7.87010089494288,47.991172671318054],[7.8700065985322,47.991197649389505],[7.869805684313178,47.99120234325528],[7.8695363737642765,47.99124006181955],[7.869387427344918,47.99125162884593],[7.869306122884154,47.99126093275845],[7.869094060733914,47.991282222792506],[7.868846710771322,47.99130694940686],[7.868727184832096,47.99131860025227],[7.8683442156761885,47.99134005792439],[7.868307502940297,47.991352546960115],[7.868288392201066,47.99122086726129],[7.868236340582371,47.991033950820565],[7.868262575939298,47.99093831330538],[7.868427950888872,47.990962537005544],[7.8685939963907,47.990992460399866],[7.86913588643074,47.990986509248614],[7.869373261928558,47.99098961055279],[7.869701916351914,47.990988520905375],[7.870014812797308,47.9909838270396],[7.870233664289117,47.990975277498364],[7.870810590684414,47.990964045748115],[7.871218454092741,47.99094283953309],[7.8714680671691895,47.9909476172179],[7.8718506172299385,47.990951305255294],[7.8721459954977036,47.99091978929937],[7.872565928846598,47.990877041593194],[7.872957615181804,47.99087259918451],[7.873477544635534,47.99081778153777],[7.873859005048871,47.99079422838986],[7.874140804633498,47.990759778767824],[7.874279106035829,47.99072340130806],[7.874757880344987,47.99068970605731],[7.875192733481526,47.9906851798296],[7.875490291044116,47.99066321924329],[7.876017931848764,47.990710912272334],[7.876306688413024,47.990694819018245],[7.876830976456404,47.99068274907768],[7.877006074413657,47.9907057993114],[7.877358365803957,47.990718707442284],[7.877850299701095,47.99081040546298],[7.878351118415594,47.990987012162805],[7.878486653789878,47.99106244929135],[7.8787412121891975,47.99119798466563],[7.878878843039274,47.99127367325127],[7.879157457500696,47.99139613285661],[7.879445375874639,47.991511384025216],[7.879623742774129,47.99155832268298],[7.879809150472283,47.99158011563122],[7.88013931363821,47.991662761196494],[7.880710624158382,47.991731660440564],[7.881267601624131,47.99171347171068],[7.8814447950571775,47.99170852638781],[7.881737407296896,47.99169561825693],[7.882033372297883,47.9916434828192],[7.882475852966309,47.99163627438247],[7.882819510996342,47.9916088655591],[7.883087312802672,47.991594364866614],[7.883324017748237,47.99158087000251],[7.883855681866407,47.99156871624291],[7.884212918579578,47.991535775363445],[7.884575016796589,47.99150819890201],[7.885151272639632,47.99144860357046],[7.885383954271674,47.99145061522722],[7.885828195139766,47.991430666297674],[7.886200100183487,47.991419015452266],[7.8865433391183615,47.991384314373136],[7.886771075427532,47.991336956620216],[7.887216825038195,47.991263614967465],[7.8875158075243235,47.99122044816613],[7.887874720618129,47.991158002987504],[7.8882400039583445,47.99109329469502],[7.888635043054819,47.991017857566476],[7.888889936730266,47.99097167328],[7.889446076005697,47.99088609404862],[7.889989810064435,47.99078752286732],[7.8903168719261885,47.990739829838276],[7.890677126124501,47.990665063261986],[7.890836717560887,47.99057546071708],[7.890877285972238,47.990407571196556],[7.8907630406320095,47.99020213074982],[7.890645191073418,47.98996559344232],[7.890514601022005,47.98964314162731],[7.890403540804982,47.98946661874652],[7.890328522771597,47.98927844502032],[7.890263814479113,47.989107286557555],[7.890173038467765,47.98897518776357],[7.8901038877666,47.988968482241035],[7.88977992720902,47.98903243616223],[7.889532241970301,47.98905464820564],[7.88910903967917,47.98906847834587],[7.888848027214408,47.98908054828644],[7.888820618391037,47.989009050652385],[7.888754736632109,47.988811656832695],[7.888878704980016,47.98906797543168],[7.889106357470155,47.989084320142865],[7.889244742691517,47.98909328877926],[7.889420930296183,47.989005111157894],[7.889422690495849,47.989000752568245],[7.889422941952944,47.989001758396626],[7.889431826770306,47.98899815417826],[7.889450518414378,47.98898004926741],[7.8894792683422565,47.98898893408477],[7.889478513970971,47.98897887580097],[7.889450937509537,47.98898013308644],[7.889438113197684,47.98896437510848],[7.889411877840757,47.98894543200731],[7.8894230257719755,47.988944593816996],[7.8894327487796545,47.988927410915494],[7.889433419331908,47.98892757855356],[7.889400478452444,47.988923052325845],[7.889398382976651,47.98891986720264],[7.889404501765966,47.988919615745544],[7.889403328299522,47.98892037011683],[7.889407267794013,47.988922633230686],[7.889411291107535,47.98892414197326],[7.889419086277485,47.98892766237259],[7.8894195053726435,47.988926908001304],[7.889423444867134,47.988930847495794],[7.889421936124563,47.988931434229016],[7.889417158439755,47.98893788829446],[7.889416739344597,47.98893847502768],[7.88941640406847,47.9889390617609],[7.889416990801692,47.98893897794187],[7.889256980270147,47.98904643394053],[7.889187075197697,47.98906973563135],[7.88913594558835,47.989084320142865],[7.889138124883175,47.989066215232015],[7.88914080709219,47.98907283693552],[7.889278270304203,47.989058420062065],[7.889518328011036,47.98906068317592],[7.889713374897838,47.98905833624303],[7.889781603589654,47.989054061472416],[7.889914959669113,47.989028580486774],[7.890174128115177,47.98896479420364],[7.890254175290465,47.98901315778494],[7.89029155857861,47.98914852552116],[7.890339000150561,47.98935639671981],[7.89042198099196,47.98959469422698],[7.890483420342207,47.98973282799125],[7.8905280120670795,47.98981907777488],[7.890628259629011,47.99003549851477],[7.8907376434654,47.99030992202461],[7.890901006758213,47.99049122259021],[7.891390258446336,47.99048753455281],[7.891880515962839,47.99041209742427],[7.892335820943117,47.99030648544431],[7.892711665481329,47.99025979824364],[7.8928025253117085,47.99022878520191],[7.892990615218878,47.990196011960506],[7.893258836120367,47.99012920819223],[7.89354432374239,47.990068439394236],[7.8938771691173315,47.98995235003531],[7.894149832427502,47.989889150485396],[7.894460968673229,47.98977247439325],[7.894557863473892,47.98975210636854],[7.8950372245162725,47.98962545581162],[7.895448189228773,47.98947986215353],[7.895801905542612,47.98940325155854],[7.896003322675824,47.98925665207207],[7.89623181335628,47.98914089798927],[7.896586116403341,47.988975858315825],[7.8969465382397175,47.988765304908156],[7.897151727229357,47.98864712007344],[7.8974259831011295,47.98852298408747],[7.897711051627994,47.98837789334357],[7.897871816530824,47.988245878368616],[7.89808270521462,47.98808343708515],[7.898361487314105,47.98785695806146],[7.898467937484384,47.98773944377899],[7.89860850200057,47.98767146654427],[7.898943610489368,47.9873573128134],[7.898996919393539,47.987271985039115],[7.89916749112308,47.987048188224435],[7.899305205792189,47.98688524402678],[7.8994036093354225,47.98670151270926],[7.899579713121057,47.98649489879608],[7.899632686749101,47.986415941268206],[7.899846090003848,47.98610874451697],[7.899956647306681,47.985965833067894],[7.90008950047195,47.98577589914203],[7.9002235271036625,47.98562368378043],[7.900413293391466,47.98542872071266],[7.900447407737374,47.98538463190198],[7.900638682767749,47.98519561998546],[7.900791820138693,47.98506461083889],[7.901059202849865,47.98486419953406],[7.9012625478208065,47.98470209352672],[7.901442423462868,47.98457602970302],[7.901694551110268,47.98439120873809],[7.902059080079198,47.98414972610772],[7.902436852455139,47.98390941694379],[7.902576411142945,47.983840769156814],[7.902640784159303,47.98387329094112],[7.90272862650454,47.98392022959888],[7.902833316475153,47.984025506302714],[7.902680262923241,47.98412382602692],[7.902426039800048,47.98427947796881],[7.902086321264505,47.9844874329865],[7.901874678209424,47.984651969745755],[7.901571588590741,47.98487149178982],[7.901317281648517,47.98505254089832],[7.901021987199783,47.9853180795908],[7.900957781821489,47.98537943512201],[7.900757538154721,47.98556501045823],[7.90058696642518,47.98575075343251],[7.900360655039549,47.98596432432532],[7.900142055004835,47.98624075949192],[7.8999826312065125,47.986478889361024],[7.899856148287654,47.98669430427253],[7.899731090292335,47.98694525845349],[7.899493044242263,47.987187998369336],[7.899345522746444,47.98737935721874],[7.899198420345783,47.987583791837096],[7.8991553373634815,47.9876593966037],[7.899082917720079,47.9878237657249],[7.898935731500387,47.98795184120536],[7.89877169765532,47.98806340433657],[7.8987303748726845,47.98810254782438],[7.898526107892394,47.98830631189048],[7.898392081260681,47.988509740680456],[7.898382022976875,47.98849272541702],[7.898364923894405,47.98849616199732],[7.898167446255684,47.98859540373087],[7.897705100476742,47.9887905344367],[7.897396311163902,47.98890335485339],[7.897104704752564,47.98903897404671],[7.8969453647732735,47.98911139369011],[7.896613357588649,47.98928196541965],[7.896433984860778,47.989343740046024],[7.896056296303868,47.98952378332615],[7.895865356549621,47.989599807187915],[7.895619850605726,47.98969787545502],[7.8955037612468,47.98974322155118],[7.895312821492553,47.98982469365001],[7.89501316845417,47.989977998659015],[7.894826168194413,47.99002326093614],[7.894384860992432,47.990202717483044],[7.893982110545039,47.99030506052077],[7.893839702010155,47.990355771034956],[7.8934448305517435,47.99058124423027],[7.8930973168462515,47.99070990644395],[7.892631031572819,47.99077469855547],[7.892305897548795,47.99080537632108],[7.891926029697061,47.990837562829256],[7.891707345843315,47.990851141512394],[7.89143543690443,47.99086891114712],[7.891074512153864,47.99105071462691],[7.890887763351202,47.991184405982494],[7.8908363822847605,47.99121843650937],[7.890682239085436,47.99127937294543],[7.890622727572918,47.991292867809534],[7.890170020982623,47.99134785309434],[7.889852095395327,47.991343745961785],[7.889733407646418,47.99133092164993],[7.8893216047436,47.99131315201521],[7.889007870107889,47.99136260524392],[7.8885324485599995,47.99150375649333],[7.888245619833469,47.991585060954094],[7.888043448328972,47.991639878600836],[7.887729043141007,47.99166711978614],[7.8874132968485355,47.991687739267945],[7.887064944952726,47.99169318750501],[7.8867073729634285,47.991715148091316],[7.886313507333398,47.99178924411535],[7.886086693033576,47.99185018055141],[7.885890556499362,47.991885133087635],[7.885576067492366,47.99191673286259],[7.88536517880857,47.99192880280316],[7.8848490212112665,47.99193140119314],[7.8845256473869085,47.99198303371668],[7.884172098711133,47.99202561378479],[7.883907314389944,47.99204958602786],[7.8833570424467325,47.99200667068362],[7.883251179009676,47.99199786968529],[7.882783384993672,47.99203827045858],[7.882483983412385,47.992053274065256],[7.881894987076521,47.99204187467694],[7.881819885224104,47.99204170703888],[7.881449656561017,47.992015555500984],[7.881244802847505,47.99200298264623],[7.881007259711623,47.99197691492736],[7.880607275292277,47.99196308478713],[7.880198573693633,47.99197825603187],[7.879973351955414,47.99194296821952],[7.879750560969114,47.99190382473171],[7.8795685060322285,47.9918472468853],[7.879200708121061,47.9917661100626],[7.878926116973162,47.99171875230968],[7.878703577443957,47.99158405512571],[7.878306107595563,47.99133175984025],[7.878028331324458,47.99122606404126],[7.877703029662371,47.991151716560125],[7.8774430230259895,47.99108156003058],[7.877210592851043,47.9910253174603],[7.8768672700971365,47.990942504256964],[7.876534424722195,47.99091878347099],[7.876240890473127,47.990911323577166],[7.875849287956953,47.990917610004544],[7.8753140196204185,47.990925405174494],[7.874899031594396,47.99093873240054],[7.874540705233812,47.99097058363259],[7.874142397195101,47.991009559482336],[7.873901166021824,47.991017270833254],[7.873581480234861,47.99103948287666],[7.873225416988134,47.99106513150036],[7.872941019013524,47.99109178595245],[7.872425867244601,47.99110368825495],[7.871864698827267,47.99112942069769],[7.871530596166849,47.99111827276647],[7.871063053607941,47.99118013121188],[7.87085878662765,47.99121106043458],[7.870545387268066,47.99120971933007],[7.870008274912834,47.99126101657748],[7.869833176955581,47.991267051547766],[7.869517933577299,47.991238720715046],[7.8692892752587795,47.99129186198115],[7.86888811737299,47.99129010178149],[7.868557451292872,47.99132798798382],[7.868275735527277,47.991370148956776],[7.868218319490552,47.99135237932205],[7.868259893730283,47.99125489778817],[7.868282105773687,47.99114744178951],[7.868314376100898,47.990948371589184],[7.868544543161988,47.990987095981836],[7.868772447109222,47.991022635251284],[7.8692227229475975,47.991005536168814],[7.869640812277794,47.991036884486675],[7.869781628251076,47.9910372197628],[7.870220923796296,47.9910303466022],[7.87049962207675,47.99100302159786],[7.870995160192251,47.99096102826297],[7.8711252473294735,47.991004195064306],[7.871430516242981,47.99098248593509],[7.871731175109744,47.99094812013209],[7.871972657740116,47.99094384536147],[7.872181283310056,47.99096278846264],[7.872418072074652,47.990950886160135],[7.872774722054601,47.990924064069986],[7.873073453083634,47.99089799635112],[7.8733746986836195,47.99084762111306],[7.87382522597909,47.99082163721323],[7.873918851837516,47.990819374099374],[7.874061595648527,47.99081727862358],[7.874301569536328,47.99074100330472],[7.87473214790225,47.99072775989771],[7.875113859772682,47.990750055760145],[7.875309074297547,47.990711918100715],[7.875696653500199,47.990766232833266],[7.87597912363708,47.9907298553735],[7.876243991777301,47.99080898053944],[7.8763082809746265,47.99078400246799],[7.876799460500479,47.99079766497016],[7.877239091321826,47.990805208683014],[7.877531535923481,47.99077436327934],[7.878042999655008,47.99089975655079],[7.878249362111092,47.99095356836915],[7.878500567749143,47.99107812345028],[7.8787777572870255,47.99118675291538],[7.8789618238806725,47.99125070683658],[7.879301710054278,47.99144424498081],[7.879445627331734,47.99151943065226],[7.879589963704348,47.991561675444245],[7.879692725837231,47.991585563868284],[7.879965053871274,47.99162873066962],[7.880223300307989,47.99169964157045],[7.880464782938361,47.991751274093986],[7.880863510072231,47.99174406565726],[7.881415290758014,47.991725793108344],[7.881826758384705,47.99168505705893],[7.882259264588356,47.991687236353755],[7.882672995328903,47.991652116179466],[7.88284482434392,47.991643818095326],[7.883383529260755,47.99160827882588],[7.8837767243385315,47.99157064408064],[7.883972944691777,47.991561675444245],[7.884282907471061,47.99155463464558],[7.884412659332156,47.9915449116379],[7.884837705641985,47.99151415005326],[7.885040296241641,47.99153904430568],[7.885521501302719,47.991493782028556],[7.885844120755792,47.99143862910569],[7.886204794049263,47.99140803515911],[7.886463208124042,47.991384733468294],[7.886774009093642,47.991322204470634],[7.88715940900147,47.991289934143424],[7.887464761734009,47.99124827608466],[7.88793733343482,47.99115540459752],[7.888027438893914,47.991142412647605],[7.88813766092062,47.991133108735085],[7.888389453291893,47.9910858348012],[7.888691201806068,47.99103822559118],[7.888954980298877,47.99097108654678],[7.8893994726240635,47.9908905364573],[7.889716392382979,47.99081962555647],[7.890207404270768,47.99074871465564],[7.890343442559242,47.990734884515405],[7.890746528282762,47.99063882790506],[7.890804447233677,47.99055576324463],[7.890819367021322,47.990320064127445],[7.8907648008316755,47.990186205133796],[7.890736469998956,47.99009752459824],[7.890645023435354,47.9898717161268],[7.890503033995628,47.98959469422698],[7.890432458370924,47.98940962180495],[7.890357272699475,47.9892363678664],[7.890208996832371,47.98901600763202],[7.8899705316871405,47.98903117887676],[7.889396706596017,47.9890963062644],[7.889145668596029,47.98908214084804],[7.888923296704888,47.989125894382596],[7.888846853747964,47.98895322717726],[7.888766136020422,47.988846357911825],[7.888883985579014,47.989113572984934],[7.88912907242775,47.9891050234437],[7.889256309717894,47.98910493962467],[7.889424366876483,47.989021707326174],[7.8894224390387535,47.989037884399295],[7.889420511201024,47.989052552729845],[7.889408189803362,47.989065796136856],[7.889407854527235,47.9890566598624],[7.889407854527235,47.9890566598624],[7.8894097823649645,47.98904987052083],[7.8894138894975185,47.98903134651482],[7.889416739344597,47.98902447335422],[7.8894109558314085,47.98900871537626],[7.889403747394681,47.988996813073754],[7.88940810598433,47.98899748362601],[7.889409027993679,47.98899698071182],[7.889429647475481,47.98899128101766],[7.889420846477151,47.98899496905506],[7.889452027156949,47.98900980502367],[7.889420930296183,47.98904148861766],[7.889420008286834,47.98903428018093],[7.8894218523055315,47.98902405425906],[7.889427468180656,47.989023299887776],[7.889432497322559,47.989022294059396],[7.8894345089793205,47.98902212642133],[7.8894362691789865,47.989019779488444],[7.889438197016716,47.98901818692684],[7.889438197016716,47.98901667818427],[7.889435011893511,47.98900678753853],[7.889443561434746,47.989006619900465],[7.88944523781538,47.98900553025305],[7.889499384909868,47.98897652886808],[7.889460660517216,47.9889165982604],[7.88943006657064,47.98890486359596],[7.889429982751608,47.98890117555857],[7.889423947781324,47.988878544420004],[7.88942763581872,47.988879047334194],[7.889395281672478,47.98890318721533],[7.889254381880164,47.989051127806306],[7.8891626838594675,47.989076944068074],[7.889136532321572,47.989108460024],[7.889128569513559,47.98911198042333],[7.889179196208715,47.989106280729175],[7.889410285279155,47.98907920718193],[7.889541797339916,47.98906504176557],[7.889655455946922,47.989058252424],[7.889835750684142,47.98905464820564],[7.890134397894144,47.98902648501098],[7.890237411484122,47.989074597135186],[7.890305304899812,47.989291017875075],[7.890303460881114,47.98935128375888],[7.89042592048645,47.98962361179292],[7.890561036765575,47.98984112218022],[7.890670252963901,47.990000043064356],[7.890784665942192,47.99030137248337],[7.890884913504124,47.99045375548303],[7.891330746933818,47.99049683846533],[7.891857801005244,47.99042198807001],[7.892159130424261,47.9903706908226],[7.892332132905722,47.99034906551242],[7.892513433471322,47.990300534293056],[7.893019448965788,47.990191988646984],[7.893255399540067,47.99012468196452],[7.893714057281613,47.990043545141816],[7.893959563225508,47.98997439444065],[7.894248990342021,47.98986232839525],[7.894456358626485,47.98980566672981],[7.894634557887912,47.98976090736687],[7.8950652200728655,47.98966912552714],[7.895327070727944,47.98959217965603],[7.895532846450806,47.989512383937836],[7.895896788686514,47.989366203546524],[7.8960532788187265,47.98926210030913],[7.89638671092689,47.9890772793442],[7.896414706483483,47.98906889744103],[7.896546134725213,47.98897569067776],[7.896707151085138,47.98889212310314],[7.896934384480119,47.98875340260565],[7.8970416728407145,47.98868098296225],[7.897256081923842,47.98857838846743],[7.897561015561223,47.98842885531485],[7.8977808728814125,47.988270185887814],[7.898151520639658,47.988084023818374],[7.89843893609941,47.987778754904866],[7.898560892790556,47.98751103691757],[7.898670444265008,47.987363850697875],[7.8989918902516365,47.98716176301241],[7.899092640727758,47.98703385517001],[7.899168077856302,47.986937798559666],[7.899245107546449,47.98685699701309],[7.8993956465274096,47.98665130510926],[7.899536462500691,47.986468160524964],[7.899691108614206,47.9862452019006],[7.899782136082649,47.98612735234201],[7.899868972599506,47.98601537011564],[7.900134259834886,47.98570272512734],[7.900194274261594,47.9855805169791],[7.900315811857581,47.985455291345716],[7.900536675006151,47.98527809791267],[7.9007085878401995,47.98511649481952],[7.900885697454214,47.98495262861252],[7.901039337739348,47.98480996862054],[7.901383750140667,47.98456722870469],[7.901654904708266,47.984421886503696],[7.901792619377375,47.984312921762466],[7.901912732049823,47.98422994092107],[7.90233233012259,47.98395803198218],[7.902555540204048,47.98380011692643],[7.902689399197698,47.98391201533377],[7.902846224606037,47.98404813744128],[7.9027963522821665,47.984083257615566],[7.902335179969668,47.9843058809638],[7.9021266382187605,47.9844684060663],[7.901824973523617,47.98462229780853],[7.901522722095251,47.984859086573124],[7.901269420981407,47.98506477847695],[7.9010870307683945,47.98523032106459],[7.900888631120324,47.98540323972702],[7.900712946429849,47.98556199297309],[7.9004579689353704,47.98578528687358],[7.900370378047228,47.98588436096907],[7.900208774954081,47.98613020218909],[7.900052033364773,47.986350897699594],[7.899899398908019,47.98656379804015],[7.899728827178478,47.98675348050892],[7.899729833006859,47.98689044080675],[7.89965121075511,47.98700854182243],[7.899503270164132,47.98715648241341],[7.89926229044795,47.9874852206558],[7.899135556071997,47.98763433471322],[7.899114517495036,47.9876422137022],[7.899093143641949,47.9876871407032],[7.899106638506055,47.98770910128951],[7.89904679171741,47.98783994279802],[7.8988714423030615,47.98795779235661],[7.898623421788216,47.98822224140167],[7.898418819531798,47.98851024359465],[7.898374730721116,47.98862876370549],[7.8982350043952465,47.98875189386308],[7.897918671369553,47.988809812814],[7.8973897732794285,47.98893067985773],[7.896981323137879,47.989099491387606],[7.896765908226371,47.98922681249678],[7.896366426721215,47.989417500793934],[7.896083872765303,47.989499224349856],[7.89578614756465,47.98962512053549],[7.895619431510568,47.98970265313983],[7.8952304273843765,47.98989485017955],[7.895022472366691,47.98999719321728],[7.894756095483899,47.99012032337487],[7.89437061175704,47.990276059135795],[7.894270867109299,47.99031847156584],[7.894187048077583,47.99032433889806],[7.893903739750385,47.9903395101428],[7.893623951822519,47.99049080349505],[7.8934298269450665,47.99059105105698],[7.892936300486326,47.99074980430305],[7.89247814565897,47.99081367440522],[7.892152592539787,47.99083244986832],[7.892009597271681,47.990828678011894],[7.891770713031292,47.99083177931607],[7.891304008662701,47.99091777764261],[7.890934953466058,47.99118306487799],[7.8908570017665625,47.99121441319585],[7.890549302101135,47.99131792970002],[7.890082010999322,47.991365455091],[7.889813287183642,47.99134450033307],[7.889628550037742,47.99132538959384],[7.8893817868083715,47.99132279120386],[7.889168467372656,47.99137224443257],[7.889038044959307,47.99139579758048],[7.8888988215476274,47.99141448922455],[7.888548206537962,47.99151825718582],[7.888279063627124,47.99161506816745],[7.888060798868537,47.991676926612854],[7.887664837762713,47.99169293604791],[7.887390414252877,47.99168958328664],[7.887217495590448,47.99169075675309],[7.886977354064584,47.99168698489666],[7.886757412925363,47.9916918464005],[7.886376790702343,47.9917814489454],[7.886129943653941,47.99184833653271],[7.885993234813213,47.99187624827027],[7.885573301464319,47.99190332181752],[7.885370124131441,47.99190399236977],[7.885001488029957,47.991914385929704],[7.884453227743506,47.991974065080285],[7.8843879327178,47.99197582527995],[7.883954420685768,47.9920407012105],[7.883650492876768,47.99201329238713],[7.883352600038052,47.99197180196643],[7.8830920066684484,47.991969203576446],[7.882894780486822,47.991999462246895],[7.88257316686213,47.99200323410332],[7.882312992587686,47.99201547168195],[7.881955252960324,47.99201874062419],[7.881512939929962,47.99198462627828],[7.881094599142671,47.99193726852536],[7.881023017689586,47.99194196239114],[7.88068707101047,47.99193567596376],[7.880522534251213,47.99195193685591],[7.880329331383109,47.991975070908666],[7.880111737176776,47.99194799736142],[7.880048202350736,47.99194305203855],[7.880010399967432,47.99193584360182],[7.879708902910352,47.99187381751835],[7.879439424723387,47.99181170761585],[7.878913041204214,47.991672065109015],[7.878703493624926,47.991519095376134],[7.878500819206238,47.99140376038849],[7.878341311588883,47.991329580545425],[7.877921210601926,47.99121432937682],[7.877585934475064,47.99112170934677],[7.87736976519227,47.99108172766864],[7.87697640247643,47.9909959807992],[7.876722011715174,47.99097561277449],[7.876484720036387,47.99093806184828],[7.8762193489819765,47.99093110486865],[7.875795811414719,47.990920124575496],[7.875495068728924,47.99092079512775],[7.874996513128281,47.990909814834595],[7.874793838709593,47.99092465080321],[7.874641790986061,47.990922974422574],[7.874371390789747,47.99097368493676],[7.87417902611196,47.99098206683993],[7.873990265652537,47.99098743125796],[7.87353303283453,47.99100033938885],[7.87313187494874,47.99103110097349],[7.872839095070958,47.99105901271105],[7.8725100215524435,47.991101844236255],[7.872005263343453,47.99110410735011],[7.871475862339139,47.991119446232915],[7.870995830744505,47.99114207737148],[7.870687209069729,47.991152722388506],[7.8704366739839315,47.991196643561125],[7.870202232152224,47.99120267853141],[7.869903249666095,47.991226483136415],[7.869657156988978,47.991239642724395],[7.8695823065936565,47.99125271849334],[7.869428750127554,47.9912600107491],[7.869257088750601,47.99125665798783],[7.868898594751954,47.99125179648399],[7.8687226586043835,47.991274846717715],[7.868592320010066,47.99131189472973],[7.868463154882193,47.991315918043256],[7.86839316599071,47.99132890999317],[7.868369109928608,47.991300746798515],[7.868341952562332,47.99114836379886],[7.868332648649812,47.99096086062491],[7.868561893701553,47.99099765717983],[7.868802705779672,47.9910078831017],[7.869262117892504,47.99098625779152],[7.869508126750588,47.9909907002002],[7.869790345430374,47.9909975733608],[7.870171219110489,47.99100344069302],[7.8705347422510386,47.99097804352641],[7.870892817154527,47.99096438102424],[7.871157517656684,47.99094677902758],[7.871720949187875,47.99091652035713],[7.872029151767492,47.9908955655992],[7.8724039904773235,47.99091635271907],[7.872926853597164,47.9908437654376],[7.873109076172113,47.99087100662291],[7.873504031449556,47.99084653146565],[7.873827237635851,47.9908213019371],[7.874111719429493,47.990779895335436],[7.8743179980665445,47.99071895889938],[7.874590493738651,47.990698674693704],[7.874827533960342,47.990693813189864],[7.875071698799729,47.99071309156716],[7.875301111489534,47.99070957116783],[7.875649044290185,47.990741757676005],[7.875930005684495,47.99073278903961],[7.876280201599002,47.990694316104054],[7.876583123579621,47.99070102162659],[7.877098275348544,47.99072373658419],[7.877415027469397,47.99075030721724],[7.8778936341404915,47.99087259918451],[7.878187755122781,47.990945940837264],[7.878432925790548,47.991080386564136],[7.878807932138443,47.99125447869301],[7.879135245457292,47.99140082672238],[7.879425594583154,47.99150635488331],[7.879574205726385,47.991567961871624],[7.879811329767108,47.99161171540618],[7.88019304163754,47.991725374013186],[7.880587577819824,47.99172847531736],[7.881034417077899,47.99170944839716],[7.881434401497245,47.99168396741152],[7.881837822496891,47.991653541103005],[7.8823890164494514,47.99162110313773],[7.882684897631407,47.991598304361105],[7.883038194850087,47.99158422276378],[7.883412363007665,47.991568464785814],[7.883920641615987,47.991550946608186],[7.884154412895441,47.99152521416545],[7.884691609069705,47.99150031991303],[7.8849957045167685,47.99147257581353],[7.885231738910079,47.99144365824759],[7.885693497955799,47.99141826108098],[7.886064229533076,47.99136931076646],[7.886369246989489,47.99134793691337],[7.8867188561707735,47.99130535684526],[7.886941647157073,47.99127182923257],[7.8874356765300035,47.99118809401989],[7.887929957360029,47.99111986532807],[7.888151910156012,47.99107879400253],[7.8883760422468185,47.99106102436781],[7.888822797685862,47.99100880511105],[7.889268631115556,47.990922471508384],[7.889572894200683,47.990860026329756],[7.889641709625721,47.99084493890405],[7.889919653534889,47.99080931581557],[7.8900892194360495,47.99077629111707],[7.890444025397301,47.990698674693704],[7.890805285423994,47.99054746516049],[7.890819031745195,47.990369349718094],[7.89078114554286,47.99024219624698],[7.890710067003965,47.99005628563464],[7.890672013163567,47.98995276913047],[7.8905813209712505,47.98975294455886],[7.8904596995562315,47.98944423906505],[7.890383340418339,47.98924927599728],[7.890270603820682,47.98900972120464],[7.890180749818683,47.98896781168878],[7.8896895702928305,47.98905020579696],[7.889466779306531,47.98909136094153],[7.889140471816063,47.989060347899795],[7.888855906203389,47.989067723974586],[7.888823971152306,47.98895071260631],[7.8887751046568155,47.98879757523537],[7.888772087171674,47.988814590498805],[7.888778625056148,47.9888460226357],[7.888871915638447,47.989074094220996],[7.8890083730220795,47.989098485559225],[7.889215238392353,47.98907962627709],[7.889354629442096,47.989053977653384],[7.889414560049772,47.988990945741534],[7.889427384361625,47.98898256383836],[7.889403747394681,47.98896906897426],[7.889417912811041,47.988972421735525],[7.889415230602026,47.988979797810316],[7.889412883669138,47.988993376493454],[7.889409614726901,47.988993376493454],[7.8894080221652985,47.98898491077125],[7.8894401248544455,47.9889823962003],[7.889403244480491,47.98899128101766],[7.88939050398767,47.98899128101766],[7.8893868159502745,47.98898440785706],[7.889417577534914,47.988981222733855],[7.88941590115428,47.98897753469646],[7.889412380754948,47.98898231238127],[7.889411877840757,47.98898206092417],[7.889400226995349,47.98897862434387],[7.88943643681705,47.988988095894456],[7.889466779306531,47.98899228684604],[7.889484381303191,47.98898231238127],[7.889482034370303,47.98898113891482],[7.889492930844426,47.98899178393185],[7.8894786816090345,47.9889823962003],[7.889472059905529,47.98897963017225],[7.889457894489169,47.98897468484938],[7.889450015500188,47.98897175118327],[7.889449847862124,47.98897066153586],[7.889449512585998,47.98897057771683],[7.889449512585998,47.98897066153586],[7.889449428766966,47.98897074535489],[7.889448842033744,47.988970410078764],[7.8894471656531096,47.98897015862167],[7.8894459921866655,47.98896890133619],[7.889443896710873,47.98896982334554],[7.889443561434746,47.98897015862167],[7.889235019683838,47.989000249654055],[7.88917257450521,47.98903377726674],[7.889175843447447,47.98903042450547],[7.889137454330921,47.98904442228377],[7.889215238392353,47.98905263654888],[7.88929863832891,47.98904685303569],[7.889491003006697,47.98904014751315],[7.889583287760615,47.98904785886407],[7.889692671597004,47.98904140479863],[7.889831978827715,47.989033441990614],[7.889924682676792,47.989015839993954],[7.89002082310617,47.9889995791018],[7.89020212367177,47.98900653608143],[7.890242440626025,47.989101838320494],[7.890350567176938,47.98938455991447],[7.8904143534600735,47.98956527374685],[7.890567658469081,47.98984137363732],[7.89064041338861,47.99007833003998],[7.890741918236017,47.990307826548815],[7.890898659825325,47.99047714099288],[7.891043834388256,47.99048242159188],[7.89159569889307,47.990428106859326],[7.8919310588389635,47.990370439365506],[7.892236579209566,47.990315705537796],[7.892726669088006,47.9902224149555],[7.893223715946078,47.99012434668839],[7.893359251320362,47.99009844660759],[7.893842551857233,47.9899771604687],[7.89401144720614,47.989934496581554],[7.894248068332672,47.98986685462296],[7.894510002806783,47.989786472171545],[7.894740169867873,47.989750849083066],[7.895234953612089,47.989621264860034],[7.895324723795056,47.98959259875119],[7.895727641880512,47.98943937756121],[7.896051853895187,47.98927316442132],[7.896240865811706,47.98919219523668],[7.896606652066112,47.98894140869379],[7.896886272355914,47.98880511894822],[7.897199001163244,47.988634798675776],[7.897483315318823,47.988481828942895],[7.8977337665855885,47.988337157294154],[7.897923616692424,47.988211596384645],[7.898319074884057,47.98795192502439],[7.898441618308425,47.987770875915885],[7.898521916940808,47.98769284039736],[7.898584865033627,47.98762218095362],[7.898994404822588,47.987247006967664],[7.899211663752794,47.98697794787586],[7.899258015677333,47.986912820488214],[7.899440908804536,47.98658316023648],[7.899582730606198,47.986385179683566],[7.899730755016208,47.9862002748996],[7.899901997298002,47.98598670400679],[7.900060247629881,47.985805654898286],[7.900185892358422,47.985652601346374],[7.900443049147725,47.98536711372435],[7.900615464895964,47.98519318923354],[7.900954848155379,47.98492731526494],[7.901279395446181,47.9846859164536],[7.901534121483564,47.984498580917716],[7.901829918846488,47.98429020680487],[7.902110461145639,47.98411871306598],[7.902429476380348,47.98393431119621],[7.902600634843111,47.98384252935648],[7.902655703946948,47.983867172151804],[7.902855193242431,47.98401268199086],[7.902840357273817,47.98405995592475],[7.902523521333933,47.98427889123559],[7.90227809920907,47.9844129178673],[7.902001328766346,47.9846047796309],[7.901755906641483,47.98478960059583],[7.901458935812116,47.98501834273338],[7.901202952489257,47.98522252589464],[7.900839513167739,47.98547557555139],[7.900700457394123,47.98561538569629],[7.900529382750392,47.98577154055238],[7.900400720536709,47.98593381419778],[7.900166865438223,47.986279567703605],[7.90012227371335,47.98634964041412],[7.900003585964441,47.986528342589736],[7.89989311248064,47.98668583855033],[7.899806862697005,47.98681642860174],[7.8996948804706335,47.98703762702644],[7.899624304845929,47.987103424966335],[7.899501426145434,47.98725128173828],[7.89941618219018,47.98733535222709],[7.899258267134428,47.98751464113593],[7.899130694568157,47.9876525234431],[7.899039080366492,47.987841200083494],[7.898861467838287,47.98794228583574],[7.898634904995561,47.988164657726884],[7.898606406524777,47.988235568627715],[7.898429296910763,47.988458443433046],[7.898353859782219,47.9885954875499],[7.8982058353722095,47.9887680709362],[7.897777771577239,47.9888164345175],[7.897247029468417,47.988970912992954],[7.896885685622692,47.98918238840997],[7.896449659019709,47.98937575891614],[7.8960618283599615,47.989532919600606],[7.895607780665159,47.98970131203532],[7.895266469568014,47.98986207693815],[7.895008726045489,47.98996693454683],[7.8945686761289835,47.990126525983214],[7.894332809373736,47.99023046158254],[7.893974483013153,47.99030950292945],[7.893641972914338,47.99044696614146],[7.893212651833892,47.99063589423895],[7.89292624220252,47.990723149850965],[7.892544027417898,47.990774447098374],[7.89229835383594,47.99079330638051],[7.891851766034961,47.99081434495747],[7.891544234007597,47.990851225331426],[7.891244664788246,47.99091258086264],[7.891140058636665,47.9910010099411],[7.890805536881089,47.99119748175144],[7.890533208847046,47.9912827257067],[7.890202710404992,47.99134047701955],[7.889786632731557,47.99133754335344],[7.8893444035202265,47.99131315201521],[7.889090599492192,47.99133821390569],[7.888743253424764,47.99141926690936],[7.888465225696564,47.99152093939483],[7.888138582929969,47.991623701527715],[7.887827614322305,47.99166946671903],[7.887465599924326,47.991682374849916],[7.887208359315991,47.99167374148965],[7.886737296357751,47.99168799072504],[7.886368911713362,47.99176376312971],[7.885879073292017,47.99187649972737],[7.885517310351133,47.991908099502325],[7.885389486327767,47.99190700985491],[7.885068543255329,47.99190189689398],[7.884609969332814,47.99193877726793],[7.8845044411718845,47.99195000901818],[7.88393690250814,47.99202896654606],[7.8835846949368715,47.9920338280499],[7.883288813754916,47.99200348556042],[7.882956387475133,47.992023518309],[7.882635276764631,47.99205092713237],[7.882271250709891,47.99206945113838],[7.88172734901309,47.9920613206923],[7.8814872074872255,47.992035588249564],[7.881361478939652,47.99200851470232],[7.881164085119963,47.99198010005057],[7.880845740437508,47.991975070908666],[7.880387585610151,47.99198110587895],[7.8803071193397045,47.991989236325026],[7.880121041089296,47.9919751547277],[7.879868494346738,47.991957385092974],[7.879704711958766,47.991898376494646],[7.879185201600194,47.991757644340396],[7.878841124475002,47.99164650030434],[7.878662338480353,47.991509372368455],[7.878355979919434,47.99134550616145],[7.878158753737807,47.99126395024359],[7.877667071297765,47.99112816341221],[7.877564812079072,47.991106202825904],[7.877174969762564,47.99100763164461],[7.877016803249717,47.99097460694611],[7.87652688100934,47.9909389000386],[7.876201663166285,47.99093697220087],[7.875919193029404,47.99092180095613],[7.875762954354286,47.990923058241606],[7.875344613566995,47.99092272296548],[7.87488067522645,47.99093923531473],[7.87455327808857,47.990960106253624],[7.874426795169711,47.99099422059953],[7.874091351404786,47.990984162315726],[7.873779125511646,47.99098005518317],[7.873305631801486,47.990999752655625],[7.873005056753755,47.99103411845863],[7.87287974730134,47.991043757647276],[7.872762568295002,47.99106705933809],[7.872438440099359,47.991089187562466],[7.872123280540109,47.991090193390846],[7.871610391885042,47.99110058695078],[7.871285006403923,47.991129253059626],[7.870984598994255,47.991132102906704],[7.870517559349537,47.99116646870971],[7.870394010096788,47.99116839654744],[7.870225366204977,47.99118658527732],[7.869922444224358,47.99119396135211],[7.869665287435055,47.99117191694677],[7.869334705173969,47.99122589640319],[7.869141921401024,47.99123696051538],[7.86889691837132,47.991246515884995],[7.868619645014405,47.99124182201922],[7.868435410782695,47.991268979385495],[7.868261486291885,47.991297813132405],[7.868208261206746,47.991296807304025],[7.86821722984314,47.991178538650274],[7.868244890123606,47.991011906415224],[7.868271796032786,47.99096228554845],[7.868469525128603,47.990974271669984],[7.868671612814069,47.990976283326745],[7.868738416582346,47.99098206683993],[7.869004374369979,47.99097519367933],[7.869414500892162,47.99096094444394],[7.869796380400658,47.99098432995379],[7.870003581047058,47.99097368493676],[7.87035302259028,47.99098516814411],[7.8707244247198105,47.99094275571406],[7.870904803276062,47.99091727472842],[7.871213927865028,47.99094242043793],[7.871472090482712,47.99094929359853],[7.871967209503055,47.99093294888735],[7.872192598879337,47.99092213623226],[7.872425112873316,47.99092121422291],[7.872892655432224,47.99086606130004],[7.873202618211508,47.99087008461356],[7.8734240680933,47.990834629163146],[7.873617941513658,47.990840412676334],[7.874094704166055,47.990759778767824],[7.8741247951984406,47.99076497554779],[7.874365523457527,47.99073899164796],[7.874679509550333,47.990685012191534],[7.874969942495227,47.99068811349571],[7.875377722084522,47.990708062425256],[7.87552272900939,47.99070646986365],[7.875817436724901,47.990708984434605],[7.876033019274473,47.99069456756115],[7.87638028152287,47.99063798971474],[7.876622937619686,47.990645449608564],[7.877055611461401,47.99066833220422],[7.877479819580913,47.990705547854304],[7.877841666340828,47.99077914096415],[7.878112988546491,47.990865390747786],[7.878265371546149,47.99092900939286],[7.8784858994185925,47.99101852811873],[7.878740876913071,47.991155153140426],[7.879121247678995,47.99134978093207],[7.879385109990835,47.99147835932672],[7.879583342000842,47.99153904430568],[7.879807222634554,47.9916003998369],[7.879955666139722,47.99161808565259],[7.88041390478611,47.991700982674956],[7.880722442641854,47.99170643091202],[7.8810439724475145,47.991708191111684],[7.881412440910935,47.99170944839716],[7.881730701774359,47.991684302687645],[7.882063630968332,47.991677429527044],[7.882554978132248,47.99164893105626],[7.882876005023718,47.99163375981152],[7.88322938606143,47.991616828367114],[7.883547395467758,47.99157751724124],[7.884107725694776,47.99153745174408],[7.884242506697774,47.991529908031225],[7.884741062298417,47.99148456193507],[7.8850599098950624,47.9914550576359],[7.8854303900152445,47.99145229160786],[7.885753596201539,47.99145279452205],[7.886079987511039,47.991410633549094],[7.886537220329046,47.99134349450469],[7.886885656043887,47.9913239646703],[7.88718044757843,47.99127995967865],[7.887477250769734,47.991221621632576],[7.887643799185753,47.99118909984827],[7.888104133307934,47.991105783730745],[7.8885601088404655,47.99104535020888],[7.888876860961318,47.990997321903706],[7.889193193987012,47.99095096997917],[7.889272402971983,47.99092875793576],[7.8895593993365765,47.9908630438149],[7.889824854210019,47.9908075556159],[7.890378395095468,47.99072348512709],[7.890827497467399,47.990603959187865],[7.890829173848033,47.99043498001993],[7.890759939327836,47.99021637998521],[7.8906764555722475,47.99000213854015],[7.890488365665078,47.98964993096888],[7.890401445329189,47.98941683024168],[7.890373365953565,47.98926327377558],[7.890292145311832,47.989072082564235],[7.8901551850140095,47.98900553025305],[7.889937004074454,47.98903721384704],[7.889635423198342,47.98904987052083],[7.889306014403701,47.98907375894487],[7.888948610052466,47.98908993601799],[7.888752641156316,47.98886278644204],[7.888744845986366,47.988787265494466],[7.888763286173344,47.98888675868511],[7.888827323913574,47.98908155411482],[7.888839477673173,47.98923561349511],[7.889145165681839,47.98918917775154],[7.889148350805044,47.98915749415755],[7.889304589480162,47.98913285136223],[7.889438532292843,47.98904065042734],[7.8894751612097025,47.988983234390616],[7.889441214501858,47.988969990983605],[7.889443812891841,47.98896102234721],[7.889429479837418,47.988943587988615],[7.889428976923227,47.98893554136157],[7.889401651918888,47.988933278247714],[7.889388492330909,47.988930931314826],[7.8894080221652985,47.98893076367676],[7.88940466940403,47.98893009312451],[7.889404417946935,47.98892590217292],[7.889405591413379,47.98892615363002],[7.889406429603696,47.98892606981099],[7.889408357441425,47.98892573453486],[7.889409279450774,47.988925483077765],[7.889410788193345,47.98892430961132],[7.889415649697185,47.98892824910581],[7.8894150629639626,47.988930931314826],[7.889412296935916,47.9889305960387],[7.889408189803362,47.988930847495794],[7.889407854527235,47.98893294297159],[7.8894080221652985,47.98893311060965],[7.889408189803362,47.98893361352384],[7.889407183974981,47.988932775333524],[7.889408273622394,47.988932775333524],[7.889408860355616,47.988932859152555],[7.889409027993679,47.988933362066746],[7.889408357441425,47.98893294297159],[7.88925270549953,47.9890341963619],[7.8891644440591335,47.989069651812315],[7.889170562848449,47.98908566124737],[7.889149021357298,47.98910569399595],[7.88927081041038,47.98910988494754],[7.889514053240418,47.98908390104771],[7.88959083147347,47.98907493241131],[7.889662832021713,47.98906831070781],[7.889779508113861,47.98906068317592],[7.889989223331213,47.9890307597816],[7.890177145600319,47.98900678753853],[7.890255684033036,47.98905733041465],[7.890311675146222,47.98921993933618],[7.890346124768257,47.98938196152449],[7.890388453379273,47.989469887688756],[7.890520133078098,47.98973383381963],[7.8905922174453735,47.989900382235646],[7.890608562156558,47.9899650067091],[7.89064971730113,47.99007983878255],[7.890690620988607,47.99019852653146],[7.890744516626,47.9903085809201],[7.891062526032329,47.99046532250941],[7.891291016712785,47.99048678018153],[7.8917045798152685,47.990412432700396],[7.891973303630948,47.990352837368846],[7.892283350229263,47.990297097712755],[7.892703199759126,47.99023926258087],[7.893093209713697,47.99015510827303],[7.893321281298995,47.99013323150575],[7.89372906088829,47.98997011967003],[7.8940091002732515,47.98989124596119],[7.894180091097951,47.989841205999255],[7.894323756918311,47.98979108221829],[7.894544703885913,47.98974481411278],[7.89472927339375,47.98970215022564],[7.894965307787061,47.989651104435325],[7.895400831475854,47.98953811638057],[7.895603170618415,47.98946561291814],[7.896000053733587,47.98928456380963],[7.896220330148935,47.98915531486273],[7.896563652902842,47.988968482241035],[7.897024992853403,47.98872733488679],[7.897222135215998,47.98862574622035],[7.8975549805909395,47.98841301351786],[7.897845916450024,47.9882344789803],[7.89801724255085,47.98813699744642],[7.898267023265362,47.98795251175761],[7.898568771779537,47.987670209258795],[7.898850571364164,47.98741539940238],[7.899022735655308,47.987224040552974],[7.899238150566816,47.98696738667786],[7.899388186633587,47.98677150160074],[7.899484494701028,47.98664300702512],[7.899667639285326,47.98636497929692],[7.899804264307022,47.98616599291563],[7.899904008954763,47.986013274639845],[7.9000474233180285,47.98581562936306],[7.900238949805498,47.98558889888227],[7.900391919538379,47.98540508374572],[7.900608759373426,47.985208025202155],[7.900915369391441,47.98492530360818],[7.901130700483918,47.984762862324715],[7.901351060718298,47.9846066236496],[7.9017028491944075,47.984371427446604],[7.901974339038134,47.98418518155813],[7.902156645432115,47.98408049158752],[7.902213893830776,47.98405107110739],[7.902480270713568,47.983870692551136],[7.90257859043777,47.98382056877017],[7.902645310387015,47.98383381217718],[7.902720244601369,47.98390254378319],[7.902842788025737,47.98401360400021],[7.90266215801239,47.98415676690638],[7.902363510802388,47.98431954346597],[7.902218084782362,47.984405625611544],[7.901868391782045,47.984627075493336],[7.9016875103116035,47.98478691838682],[7.901604948565364,47.984856236726046],[7.901382660493255,47.98502462916076],[7.901131119579077,47.985215401276946],[7.900835322216153,47.985484544187784],[7.900688303634524,47.98563583754003],[7.900612950325012,47.985707921907306],[7.900392087176442,47.9859499912709],[7.9002429731190205,47.9861381649971],[7.900057816877961,47.98639364540577],[7.8999558091163635,47.98653488047421],[7.899786327034235,47.986768735572696],[7.899705860763788,47.98703284934163],[7.899559680372477,47.987147429957986],[7.899412997066975,47.9873123858124],[7.899275533854961,47.9874783474952],[7.8991650603711605,47.987594436854124],[7.899126000702381,47.98761874437332],[7.899078307673335,47.98767725005746],[7.899051569402218,47.98776031471789],[7.898889211937785,47.98790272325277],[7.898722579702735,47.987970197573304],[7.898588972166181,47.9880981054157],[7.898517055436969,47.98828141763806],[7.898444049060345,47.988386610522866],[7.898367270827293,47.988570760935545],[7.8981569688767195,47.988581489771605],[7.898095529526472,47.988685593008995],[7.898024702444673,47.988706547766924],[7.897777101024985,47.98875130712986],[7.897651623934507,47.988786762580276],[7.8974465187639,47.98891299404204],[7.897087102755904,47.98906370066106],[7.89674730040133,47.98926620744169],[7.896480672061443,47.98937366344035],[7.8960612416267395,47.98953568562865],[7.895733509212732,47.98970114439726],[7.89556972682476,47.98977046273649],[7.895391276106238,47.98984640277922],[7.8950737696141005,47.98997146077454],[7.894946783781052,47.99001194536686],[7.89465744048357,47.99010423012078],[7.894458370283246,47.99020439386368],[7.894314872100949,47.990269269794226],[7.8938892390578985,47.99033414572477],[7.893632249906659,47.99044202081859],[7.893388168886304,47.99057437106967],[7.893082648515701,47.99068283289671],[7.892735973000526,47.990760281682014],[7.89224898442626,47.990809148177505],[7.8919015545398,47.99082641489804],[7.891428899019957,47.99085482954979],[7.891093622893095,47.99099103547633],[7.891030255705118,47.99104359000921],[7.890892876312137,47.991142412647605],[7.890584086999297,47.99128884449601],[7.890481324866414,47.99130736850202],[7.889913450926542,47.99134315922856],[7.889440879225731,47.991312481462955],[7.889237534254789,47.99131943844259],[7.88888574577868,47.99137626774609],[7.888457430526614,47.99154055304825],[7.888351147994399,47.991591012105346],[7.8881890419870615,47.99163535237312],[7.887960718944669,47.991681871935725],[7.887515723705292,47.99167575314641],[7.887361496686935,47.991682291030884],[7.886936701834202,47.99166879616678],[7.88655842654407,47.991708274930716],[7.886090129613876,47.991859233006835],[7.885568607598543,47.99191715195775],[7.8853002190589905,47.99191975034773],[7.884970474988222,47.99188991077244],[7.884607203304768,47.99191765487194],[7.884079730138183,47.992020417004824],[7.8835794143378735,47.99202611669898],[7.883297614753246,47.991989152505994],[7.8830083552747965,47.991983871906996],[7.88289126008749,47.9919820278883],[7.8826172556728125,47.99202754162252],[7.882406786084175,47.992044975981116],[7.882101349532604,47.99204656854272],[7.881530290469527,47.992024943232536],[7.881424427032471,47.99200893379748],[7.881358629092574,47.99199476838112],[7.880837693810463,47.99193232320249],[7.880395296961069,47.99192980863154],[7.880273591727018,47.99196308478713],[7.880129087716341,47.991930563002825],[7.880055494606495,47.99192888662219],[7.8800135012716055,47.991924695670605],[7.8799051232635975,47.99190877005458],[7.879806300625205,47.99187038093805],[7.879513269290328,47.991814808920026],[7.879168437793851,47.991742892190814],[7.878745989874005,47.991545582190156],[7.878668205812573,47.991481460630894],[7.878481959924102,47.99136243760586],[7.878413898870349,47.99133033491671],[7.878257073462009,47.99128565937281],[7.877891371026635,47.991179125383496],[7.877577720209956,47.991100419312716],[7.877161642536521,47.99103420227766],[7.876850422471762,47.99096739850938],[7.876666942611337,47.990939654409885],[7.876165704801679,47.99091434106231],[7.875972501933575,47.99090386368334],[7.875566063448787,47.99090914428234],[7.875356767326593,47.99090562388301],[7.8751167096197605,47.990892715752125],[7.874654866755009,47.99090126529336],[7.874382538720965,47.99094803631306],[7.8743224404752254,47.990989442914724],[7.874277010560036,47.99099380150437],[7.873853640630841,47.99099790863693],[7.87360243499279,47.990985084325075],[7.8732972498983145,47.99101567827165],[7.87282794713974,47.99103369936347],[7.872350849211216,47.9910631198436],[7.87204566411674,47.99108315259218],[7.871631011366844,47.99110494554043],[7.871393300592899,47.99114886671305],[7.871259693056345,47.991169234737754],[7.870981162413955,47.991143334656954],[7.8706921543926,47.991147860884666],[7.870265012606978,47.99118281342089],[7.8700511902570724,47.99119153060019],[7.869683057069778,47.99122245982289],[7.869572835043073,47.99123805016279],[7.869490021839738,47.991259256377816],[7.869009738788009,47.991286581382155],[7.868963805958629,47.991291023790836],[7.868726095184684,47.99132086336613],[7.868438260629773,47.99133502878249],[7.868266263976693,47.991363694891334],[7.868240363895893,47.99134022556245],[7.868238855153322,47.99122237600386],[7.868213290348649,47.99101945012808],[7.868338264524937,47.9909751098603],[7.868414456024766,47.990988437086344],[7.868496347218752,47.99100402742624],[7.868832964450121,47.99102037213743],[7.868994819000363,47.99100679345429],[7.869190536439419,47.99098927527666],[7.869580965489149,47.99099623225629],[7.869823537766933,47.99097108654678],[7.870133752003312,47.99097687005997],[7.870440781116486,47.99095155671239],[7.870671283453703,47.99092800356448],[7.871125414967537,47.99092733301222],[7.871376872062683,47.99094376154244],[7.871830835938454,47.99091149121523],[7.872063517570496,47.99092909321189],[7.872363924980164,47.99089489504695],[7.872619740664959,47.99087670631707],[7.872906653210521,47.99083328805864],[7.87328626960516,47.99080738797784],[7.873463295400143,47.99082700163126],[7.873772419989109,47.990797497332096],[7.8740753419697285,47.990753911435604],[7.8742870688438416,47.99069993197918],[7.874491587281227,47.99067470245063],[7.874639863148332,47.99072331748903],[7.87487774156034,47.99071518704295],[7.8750869538635015,47.990722144022584],[7.87521637044847,47.99070278182626],[7.875503869727254,47.99070957116783],[7.8757622838020325,47.9907213896513],[7.876021871343255,47.99068819731474],[7.876446666195989,47.99069406464696],[7.8765141405165195,47.99070437438786],[7.876863414421678,47.99073991365731],[7.877192152664065,47.99073320813477],[7.877428438514471,47.99075030721724],[7.877681655809283,47.99077914096415],[7.878129752352834,47.99089036881924],[7.878413312137127,47.99102548509836],[7.878628978505731,47.99118331633508],[7.878752192482352,47.99125850200653],[7.879133149981499,47.991418428719044],[7.8792966809123755,47.991485483944416],[7.879460547119379,47.991531416773796],[7.879724325612187,47.99158388748765],[7.8799378126859665,47.99165236763656],[7.88009530864656,47.99168304540217],[7.880252217873931,47.99170861020684],[7.880351124331355,47.9917108733207],[7.880537705495954,47.99170115031302],[7.881003990769386,47.991712633520365],[7.881301632151008,47.99167583696544],[7.8816368244588375,47.991663767024875],[7.881978303194046,47.991642728447914],[7.8823380544781685,47.99163375981152],[7.882631253451109,47.99162001349032],[7.882951945066452,47.99160350114107],[7.8832760732620955,47.99157802015543],[7.883589640259743,47.99154474399984],[7.883964646607637,47.991510378196836],[7.884489605203271,47.99146092496812],[7.884773500263691,47.99145053140819],[7.885079104453325,47.99143435433507],[7.885296950116754,47.99141742289066],[7.885642368346453,47.99139370210469],[7.885862812399864,47.99137517809868],[7.885950654745102,47.99136411398649],[7.886258270591497,47.99133276566863],[7.886814745143056,47.991258753463626],[7.88701725192368,47.9912409838289],[7.887361664324999,47.991193709895015],[7.88761043921113,47.99115188419819],[7.887893244624138,47.99110150896013],[7.888176217675209,47.991052474826574],[7.888642251491547,47.99098030664027],[7.88888624869287,47.99094376154244],[7.889079535380006,47.99090721644461],[7.8894677851349115,47.99085742793977],[7.889771796762943,47.99080747179687],[7.8899298794567585,47.99079087562859],[7.890172200277448,47.99073840491474],[7.890562042593956,47.99065483734012],[7.8907050378620625,47.99061485566199],[7.8907939698547125,47.99050488509238],[7.8907974902540445,47.9904433619231],[7.890774607658386,47.990376222878695],[7.890754407271743,47.99028695560992],[7.89070880971849,47.99018142744899],[7.890679221600294,47.990074222907424],[7.890623984858394,47.989975064992905],[7.890542009845376,47.98985025845468],[7.890473948791623,47.98970617353916],[7.890357440337539,47.98952520824969],[7.890329109504819,47.989451279863715],[7.890294911339879,47.98914701677859],[7.890177816152573,47.989000752568245],[7.8901162929832935,47.988991532474756],[7.889814460650086,47.98902489244938],[7.889665346592665,47.98908121883869],[7.889282880350947,47.98912363126874],[7.888975851237774,47.98914894461632],[7.888879543170333,47.98907686024904],[7.888787845149636,47.988817021250725],[7.888801256194711,47.988838981837034],[7.888837717473507,47.98892221413553],[7.888846434652805,47.98900234512985],[7.888936121016741,47.98909639008343],[7.8892189264297485,47.9890894331038],[7.889315402135253,47.9890928696841],[7.889377847313881,47.98907367512584],[7.889415649697185,47.98903042450547],[7.889414560049772,47.98902506008744],[7.889419421553612,47.989030005410314],[7.889437191188335,47.989034028723836],[7.889438113197684,47.98903654329479],[7.889438113197684,47.98903503455222],[7.889435850083828,47.98903511837125],[7.889445489272475,47.989020785316825],[7.889422355219722,47.98900594934821],[7.889423444867134,47.98900770954788],[7.889404417946935,47.98903679475188],[7.889363765716553,47.989000333473086],[7.889378936961293,47.98903369344771],[7.889390587806702,47.98905800096691],[7.889420427381992,47.98910259269178],[7.889418248087168,47.98910376615822],[7.8894407115876675,47.98909672535956],[7.889482034370303,47.98908364959061],[7.889488069340587,47.98908457159996],[7.8894907515496016,47.98908658325672],[7.889493517577648,47.98908851109445],[7.889494858682156,47.989096054807305],[7.8894934337586164,47.989090187475085],[7.889492511749268,47.989087756723166],[7.8894907515496016,47.98908540979028],[7.889486141502857,47.989080883562565],[7.889483962208033,47.989076441153884],[7.889480106532574,47.98906780779362],[7.889481112360954,47.98906411975622],[7.889481028541923,47.98906252719462],[7.8894315753132105,47.98900159075856],[7.889237953349948,47.98906370066106],[7.889202665537596,47.98907275311649],[7.889214316383004,47.989068813622],[7.8893714770674706,47.989046182483435],[7.889437191188335,47.989048194140196],[7.889529475942254,47.989053558558226],[7.889660568907857,47.98905900679529],[7.8897487465292215,47.98904358409345],[7.889944547787309,47.98905196599662],[7.890063989907503,47.98903369344771],[7.89023581892252,47.98903092741966],[7.89027588441968,47.98915053717792],[7.890365067869425,47.98947114497423],[7.890389710664749,47.989524034783244],[7.8905233182013035,47.989752693101764],[7.89060571230948,47.98994891345501],[7.890664720907807,47.99012593924999],[7.8907117433846,47.990291230380535],[7.890813332051039,47.99046942964196],[7.891162857413292,47.990492982789874],[7.891542473807931,47.990447552874684],[7.891740202903748,47.99042399972677],[7.892120992764831,47.99037211574614],[7.89256364107132,47.990292236208916],[7.892981478944421,47.9902136977762],[7.893227655440569,47.99015904776752],[7.893441393971443,47.990114791318774],[7.893927963450551,47.99000708386302],[7.894156789407134,47.989933490753174],[7.894374802708626,47.98984824679792],[7.8944924008101225,47.98984405584633],[7.894587367773056,47.98984279856086],[7.894785599783063,47.98979108221829],[7.894895654171705,47.98978764563799],[7.894953740760684,47.98976819962263],[7.895329585298896,47.98965831287205],[7.895495295524597,47.9896161518991],[7.8957022447139025,47.98954448662698],[7.895989576354623,47.989419009536505],[7.896336251869798,47.989248521625996],[7.896478995680809,47.98913989216089],[7.896704133599997,47.98903855495155],[7.896843189373612,47.98895892687142],[7.8969247452914715,47.98893763683736],[7.897028094157577,47.988884411752224],[7.897253483533859,47.988757845014334],[7.897337470203638,47.98869271762669],[7.8975246381014585,47.988575622439384],[7.897699736058712,47.98848937265575],[7.897982290014625,47.98833925276995],[7.898205332458019,47.98816884867847],[7.898342376574874,47.988056279718876],[7.898390153422952,47.98797681927681],[7.898443294689059,47.987851006910205],[7.898468691855669,47.98776316456497],[7.898576483130455,47.98764313571155],[7.898803045973182,47.98745999112725],[7.898874627426267,47.98736519180238],[7.899051904678345,47.98720333725214],[7.8991856798529625,47.98706545494497],[7.899215267971158,47.986981719732285],[7.899259440600872,47.986920615658164],[7.899289699271321,47.9868792090565],[7.899371422827244,47.98676596954465],[7.899432610720396,47.986657842993736],[7.899554064497352,47.98649615608156],[7.899673171341419,47.98634201288223],[7.899781633168459,47.986162807792425],[7.899887328967452,47.98598611727357],[7.900020517408848,47.985822753980756],[7.900126297026873,47.985676573589444],[7.900257306173444,47.98551572486758],[7.900514714419842,47.98525186255574],[7.900816546753049,47.985022785142064],[7.900909334421158,47.98497232608497],[7.901082336902618,47.984807873144746],[7.9012917168438435,47.98464777879417],[7.901596399024129,47.98444828949869],[7.901729000732303,47.984348461031914],[7.901873672381043,47.98424569889903],[7.902059750631452,47.98409759066999],[7.902391590178013,47.9838758893311],[7.902576243504882,47.983801206573844],[7.902626199647784,47.98381327651441],[7.90272518992424,47.983918553218246],[7.902856450527906,47.98400463536382],[7.902832394465804,47.98403958790004],[7.902720831334591,47.98411066643894],[7.902554031461477,47.98420504666865],[7.902251947671175,47.9844060447067],[7.9021398816257715,47.984486343339086],[7.901940140873194,47.98461156897247],[7.901573516428471,47.98487794585526],[7.90127981454134,47.98510476015508],[7.901074290275574,47.98528580926359],[7.9010027926415205,47.985356133431196],[7.900760639458895,47.98558688722551],[7.900584200397134,47.98574924468994],[7.900416478514671,47.98591981641948],[7.900305334478617,47.98603691160679],[7.900142641738057,47.98626959323883],[7.899927226826549,47.98659053631127],[7.8998159151524305,47.98670838586986],[7.899758918210864,47.986840903759],[7.899742070585489,47.9869706556201],[7.899671159684658,47.98702656291425],[7.899591699242592,47.98708012327552],[7.899511568248272,47.98719746991992],[7.8994580917060375,47.987295957282186],[7.89939128793776,47.98741791397333],[7.899306630715728,47.987493351101875],[7.89917235262692,47.98762352205813],[7.899147877469659,47.98764171078801],[7.899104878306389,47.98767096363008],[7.899057772010565,47.987750340253115],[7.8988216537982225,47.987957037985325],[7.898697769269347,47.988097770139575],[7.898547733202577,47.98829751089215],[7.89842477068305,47.988470094278455],[7.898353356868029,47.98858081921935],[7.89833634160459,47.988751558586955],[7.8982476610690355,47.98877972178161],[7.898184293881059,47.98885549418628],[7.897748854011297,47.98886119388044],[7.897453308105469,47.988914754241705],[7.8970683272928,47.98909245058894],[7.896793819963932,47.9892466776073],[7.896530628204346,47.98936444334686],[7.896194430068135,47.98947433009744],[7.89604171179235,47.98952981829643],[7.895928472280502,47.98956929706037],[7.895659161731601,47.98969251103699],[7.8953111451119184,47.98985914327204],[7.895186170935631,47.98993332311511],[7.895016772672534,47.98999551683664],[7.894670935347676,47.99013951793313],[7.8945825062692165,47.99015284515917],[7.894411766901612,47.9902205709368],[7.894217139109969,47.99029718153179],[7.89414094761014,47.99029592424631],[7.894037598744035,47.990296091884375],[7.893721600994468,47.99040547572076],[7.893648175522685,47.990444619208574],[7.893296806141734,47.99061058089137],[7.893019784241915,47.99069121479988],[7.892748964950442,47.990732453763485],[7.892378317192197,47.9907660651952],[7.891932399943471,47.99078308045864],[7.891710447147489,47.99080361612141],[7.891541970893741,47.99082306213677],[7.891227398067713,47.990865390747786],[7.891205605119467,47.990865893661976],[7.8911930322647095,47.99085197970271],[7.891168221831322,47.99090067856014],[7.891023801639676,47.99104233272374],[7.890770165249705,47.991204522550106],[7.8903887886554,47.99130032770336],[7.890049908310175,47.991316337138414],[7.889721002429724,47.99129705876112],[7.889431240037084,47.991295382380486],[7.8891123086214066,47.991330502554774],[7.888579973950982,47.991471821442246],[7.888384759426117,47.991562094539404],[7.888193400576711,47.99162043258548],[7.888130368664861,47.99163267016411],[7.887928448617458,47.991646165028214],[7.8873588144779205,47.99166728742421],[7.887288993224502,47.991663264110684],[7.887086737900972,47.991653960198164],[7.886909544467926,47.99168078228831],[7.886732183396816,47.99171422608197],[7.886229520663619,47.991816736757755],[7.885806988924742,47.99188991077244],[7.885403065010905,47.99191136844456],[7.884971732273698,47.99188437871635],[7.884673923254013,47.991903740912676],[7.884269831702113,47.99199082888663],[7.8838353138417006,47.99202620051801],[7.883513197302818,47.99199434928596],[7.883193176239729,47.9919751547277],[7.882764358073473,47.99197574146092],[7.8823077119886875,47.99197716638446],[7.881996156647801,47.99196157604456],[7.881620647385716,47.99198244698346],[7.881165593862534,47.99194112420082],[7.8806069400161505,47.991937352344394],[7.880232185125351,47.991963755339384],[7.880065971985459,47.99195369705558],[7.879913505166769,47.9919299762696],[7.879643943160772,47.99188588745892],[7.879248820245266,47.99179100431502],[7.878973726183176,47.99171078950167],[7.878802064806223,47.991599226370454],[7.878546668216586,47.9914465919137],[7.878341982141137,47.99135682173073],[7.878069402649999,47.99126386642456],[7.877585766837001,47.99112506210804],[7.877311343327165,47.99106731079519],[7.876995597034693,47.99097913317382],[7.876603407785296,47.99092414788902],[7.876354968175292,47.990904031321406],[7.876043077558279,47.99089573323727],[7.875751219689846,47.99088718369603],[7.87531016394496,47.990890787914395],[7.874937672168016,47.99089992418885],[7.874672971665859,47.9909095633775],[7.874415228143334,47.99095884896815],[7.874283883720636,47.99097150564194],[7.873949529603124,47.99092817120254],[7.873538229614496,47.990982569754124],[7.873063730075955,47.99101945012808],[7.872568527236581,47.99101953394711],[7.872450845316052,47.99105364829302],[7.872316315770149,47.99105389975011],[7.871999479830265,47.991069657728076],[7.871689600870013,47.991094971075654],[7.871280647814274,47.991114584729075],[7.870841436088085,47.99116269685328],[7.870443714782596,47.99115339294076],[7.87005789577961,47.9912256449461],[7.869612313807011,47.99123109318316],[7.86946814507246,47.99127015285194],[7.869293550029397,47.991280630230904],[7.869151309132576,47.99127954058349],[7.868845956400037,47.991295382380486],[7.868582932278514,47.991327065974474],[7.868330553174019,47.99131264910102],[7.868287721648812,47.991340812295675],[7.868260061368346,47.99126009456813],[7.868241956457496,47.991229835897684],[7.868239106610417,47.99114224500954],[7.868271376937628,47.99094510264695],[7.86832426674664,47.990941079333425],[7.8685288690030575,47.990995896980166],[7.868649987503886,47.99100570380688],[7.869044439867139,47.990999249741435],[7.869264045730233,47.99099505878985],[7.869410393759608,47.990999668836594],[7.86955364048481,47.990995394065976],[7.869705017656088,47.99100050702691],[7.869913475587964,47.99099799245596],[7.870316142216325,47.990970918908715],[7.870809501037002,47.990951389074326],[7.871265225112438,47.99093646928668],[7.8715387266129255,47.99093487672508],[7.8717559017241,47.990923561155796],[7.872046669945121,47.990893637761474],[7.872253870591521,47.990878047421575],[7.872782768681645,47.99087000079453],[7.873316863551736,47.99082356505096],[7.873738976195455,47.99080889672041],[7.8740319237113,47.99078257754445],[7.874378766864538,47.9907108284533],[7.874705996364355,47.99065760336816],[7.87500967271626,47.99067352898419],[7.8752560168504715,47.99070144072175],[7.875480316579342,47.990656681358814],[7.875666059553623,47.99065508879721],[7.8760977275669575,47.99066380597651],[7.876267042011023,47.99066925421357],[7.876446498557925,47.990673864260316],[7.876740787178278,47.99068643711507],[7.87714839912951,47.99068777821958],[7.877426175400615,47.9906902089715],[7.877848371863365,47.99078433774412],[7.878303676843643,47.99096681177616],[7.878581285476685,47.9911114834249],[7.878906168043613,47.99131114035845],[7.879194086417556,47.99142563715577],[7.879348900169134,47.99148079007864],[7.879466749727726,47.991519179195166],[7.879647966474295,47.99155295826495],[7.879724660888314,47.99157156608999],[7.879804205149412,47.99159998074174],[7.879945272579789,47.99160769209266],[7.880136212334037,47.991684302687645],[7.880364870652556,47.991711711511016],[7.880516164004803,47.99170609563589],[7.8807114623487,47.99168488942087],[7.881009019911289,47.9916762560606],[7.881333064287901,47.99167617224157],[7.881524423137307,47.99166242592037],[7.882085759192705,47.99164901487529],[7.882615076377988,47.9916191753],[7.882862342521548,47.99159646034241],[7.88318051956594,47.991589000448585],[7.88372291252017,47.991557735949755],[7.884142929688096,47.99152286723256],[7.884395560249686,47.991499062627554],[7.884778194129467,47.99147726967931],[7.885125372558832,47.991455560550094],[7.885284880176187,47.991453716531396],[7.885722583159804,47.991418931633234],[7.886227760463953,47.99137685447931],[7.88652959279716,47.99131918698549],[7.88680954836309,47.99130057916045],[7.887184387072921,47.991221621632576],[7.8873049188405275,47.991206869482994],[7.887546317651868,47.99118675291538],[7.887977818027139,47.99114987254143],[7.888384507969022,47.99108105711639],[7.888688184320927,47.99103110097349],[7.889150530099869,47.9909473657608],[7.889335937798023,47.99090906046331],[7.889552190899849,47.99088282510638],[7.889960892498493,47.99079758115113],[7.890450311824679,47.99069900996983],[7.890607137233019,47.99066707491875],[7.89082364179194,47.9906074795872],[7.890828251838684,47.99055450595915],[7.890842752531171,47.990429028868675],[7.890795897692442,47.99028762616217],[7.8907424211502075,47.99016525037587],[7.890606047585607,47.98994220793247],[7.890544943511486,47.98978865146637],[7.890446707606316,47.98950710333884],[7.890366660431027,47.98925740644336],[7.890312178060412,47.989137545228004],[7.890228610485792,47.989017432555556],[7.89017035625875,47.98901324160397],[7.889965837821364,47.98903360962868],[7.8895652666687965,47.98904710449278],[7.889265529811382,47.989062275737524],[7.889086827635765,47.98907669261098],[7.8889064490795135,47.98906604759395],[7.88879388011992,47.988863959908485],[7.888765884563327,47.98882230184972],[7.888804441317916,47.988925985991955],[7.888904437422752,47.98907929100096],[7.889243317767978,47.98909496515989],[7.889285143464804,47.989082308486104],[7.889343732967973,47.98905808478594],[7.889440627768636,47.98900553025305],[7.889442639425397,47.98900377005339],[7.88946183398366,47.98900335095823],[7.88946577347815,47.98899941146374],[7.889464516192675,47.98899890854955],[7.889464432373643,47.98899823799729],[7.88946527056396,47.988996310159564],[7.88946527056396,47.98899622634053],[7.889464935287833,47.988995891064405],[7.88929327391088,47.98904316499829],[7.889266200363636,47.98905037343502],[7.8891650307923555,47.98905766569078],[7.889145165681839,47.98907585442066],[7.889139633625746,47.989085242152214],[7.889287322759628,47.98907786607742],[7.889440208673477,47.989067723974586],[7.889516483992338,47.98906898126006],[7.889585215598345,47.98906931653619],[7.889652187004685,47.98906730487943],[7.8898306377232075,47.989042242988944],[7.890021661296487,47.98901818692684],[7.890191143378615,47.98900536261499],[7.890251241624355,47.98904752358794],[7.890290133655071,47.989204935729504],[7.890331707894802,47.989412387833],[7.89043421857059,47.989624701440334],[7.890545194968581,47.989833327010274],[7.890561791136861,47.98992058262229],[7.890632366761565,47.990167178213596],[7.890664134174585,47.990233562886715],[7.890810146927834,47.990477392449975],[7.890860605984926,47.99049558117986],[7.8911844827234745,47.99048904329538],[7.891762750223279,47.990421233698726],[7.892070785164833,47.990361051633954],[7.89232324808836,47.99034001305699],[7.892422825098038,47.99032970331609],[7.8929471131414175,47.99021721817553],[7.893321868032217,47.99012987874448],[7.893628561869264,47.99006709828973],[7.893714727833867,47.99004815518856],[7.894007507711649,47.98996852710843],[7.8942774049937725,47.98986702226102],[7.894456190988421,47.989786472171545],[7.8946747072041035,47.989746909588575],[7.894745701923966,47.98972997814417],[7.895074440166354,47.98963367007673],[7.895404519513249,47.98956912942231],[7.895473334938288,47.98955454491079],[7.895647929981351,47.98948765732348],[7.896095775067806,47.98928741365671],[7.896332144737244,47.98915095627308],[7.896473295986652,47.98905674368143],[7.896822486072779,47.988869743421674],[7.897116523236036,47.98868793994188],[7.897425480186939,47.98853815533221],[7.897688588127494,47.98838283866644],[7.897920263931155,47.988242357969284],[7.898187562823296,47.98807849176228],[7.898370958864689,47.987907165661454],[7.898523593321443,47.98777850344777],[7.898760130628943,47.98744758591056],[7.898981664329767,47.98732847906649],[7.899105465039611,47.98718078993261],[7.8992372285574675,47.986948527395725],[7.899464126676321,47.98663831315935],[7.899603433907032,47.98646631650627],[7.899712482467294,47.9863038752228],[7.899836199358106,47.98612089827657],[7.89997030980885,47.98593289218843],[7.900141216814518,47.98580062575638],[7.900295192375779,47.98557716421783],[7.900449587032199,47.98540173098445],[7.900639269500971,47.985200649127364],[7.900963900610805,47.98492371104658],[7.901148553937674,47.984786331653595],[7.901466563344002,47.98454510048032],[7.901788763701916,47.98432666808367],[7.902014153078198,47.98418761231005],[7.902250522747636,47.98402424901724],[7.902516731992364,47.98385225236416],[7.902632988989353,47.983799362555146],[7.902808086946607,47.983955601230264],[7.902835998684168,47.98404042609036],[7.902659559622407,47.98414679244161],[7.90235286578536,47.98433714546263],[7.901977691799402,47.98460830003023],[7.901794631034136,47.98474023118615],[7.901536971330643,47.98493477515876],[7.901443932205439,47.98500342294574],[7.901141764596105,47.98522051423788],[7.901101363822818,47.98525161109865],[7.900909166783094,47.98542176373303],[7.900735409930348,47.985595939680934],[7.900586212053895,47.98574924468994],[7.9004214238375425,47.98591344617307],[7.90017306804657,47.98619331791997],[7.900059912353754,47.9863974172622],[7.89994633756578,47.98655332066119],[7.899842653423548,47.986709056422114],[7.899751625955105,47.98701860010624],[7.899583736434579,47.987130247056484],[7.899498073384166,47.98723066225648],[7.899353737011552,47.9874159861356],[7.89921049028635,47.98758823424578],[7.899134801700711,47.98768227919936],[7.899094568565488,47.98777129501104],[7.89892022497952,47.987891575321555],[7.898866580799222,47.987904818728566],[7.89869399741292,47.98804538324475],[7.898575812578201,47.98817899078131],[7.898562904447317,47.988246381282806],[7.898458214476705,47.988455006852746],[7.898455448448658,47.9885056335479],[7.89844966493547,47.98852608539164],[7.898468608036637,47.98857947811484],[7.898392416536808,47.98861384391785],[7.898308513686061,47.988673355430365],[7.898038616403937,47.9887511394918],[7.8977402206510305,47.98881626687944],[7.8975750133395195,47.98885457217693],[7.897302266210318,47.988946521654725],[7.897027088329196,47.989088175818324],[7.896805722266436,47.989220106974244],[7.8966031316667795,47.989325635135174],[7.896177247166634,47.989475168287754],[7.895989241078496,47.98957357183099],[7.895504012703896,47.98976895399392],[7.895103441551328,47.98994497396052],[7.89491543546319,47.98999291844666],[7.89486950263381,47.98999895341694],[7.894868580624461,47.9900012165308],[7.894661882892251,47.99009174108505],[7.894347561523318,47.99021319486201],[7.8940199967473745,47.990281423553824],[7.893843222409487,47.99034487456083],[7.89347056299448,47.99053816124797],[7.893113326281309,47.990671852603555],[7.892779475077987,47.99073270522058],[7.892194921150804,47.990788612514734],[7.8920582961291075,47.99078785814345],[7.891563009470701,47.99083630554378],[7.891330411657691,47.99086740240455],[7.891270648688078,47.990882489830256],[7.891266206279397,47.99088039435446],[7.891272408887744,47.99088601022959],[7.891271319240332,47.99088676460087],[7.8911771066486835,47.99094778485596],[7.890980886295438,47.991074519231915],[7.8907533176243305,47.99122857861221],[7.890473613515496,47.991313990205526],[7.889882354065776,47.991341315209866],[7.889709351584315,47.99132631160319],[7.889515394344926,47.99131323583424],[7.889029746875167,47.99135472625494],[7.888712659478188,47.99143519252539],[7.888506632298231,47.99149881117046],[7.888230951502919,47.99159226939082],[7.888048645108938,47.9916347656399],[7.8877240139991045,47.99165530130267],[7.887379266321659,47.991667706519365],[7.886923961341381,47.99167952500284],[7.8867963049560785,47.99168849363923],[7.886288948357105,47.99179452471435],[7.885786537081003,47.991878762841225],[7.885503312572837,47.991889575496316],[7.8853111155331135,47.99189527519047],[7.885214723646641,47.9918921738863],[7.884982544928789,47.99188748002052],[7.884441325441003,47.99196308478713],[7.88399800658226,47.99203441478312],[7.883614366874099,47.99201890826225],[7.883025035262108,47.99199527129531],[7.882967032492161,47.99200373701751],[7.882458670064807,47.992044473066926],[7.881933208554983,47.992033241316676],[7.881600949913263,47.992014549672604],[7.881338261067867,47.99197959713638],[7.881113961338997,47.991953110322356],[7.880779439583421,47.991945734247565],[7.8805197682231665,47.99197758547962],[7.880212906748056,47.991975573822856],[7.88005281239748,47.9919558763504],[7.8798759542405605,47.991912458091974],[7.879620892927051,47.99183274619281],[7.879494074732065,47.99181363545358],[7.879274217411876,47.99178019165993],[7.879178998991847,47.99177105538547],[7.879002979025245,47.99173325300217],[7.878765435889363,47.99159235320985],[7.87856737151742,47.99148171208799],[7.878387328237295,47.9913776088506],[7.878182055428624,47.99128146842122],[7.878019865602255,47.99122950062156],[7.877861363813281,47.99119899049401],[7.877530278638005,47.991109639406204],[7.877474036067724,47.991098407655954],[7.877128114923835,47.9910184442997],[7.876932816579938,47.99095398746431],[7.876643808558583,47.990924064069986],[7.876118263229728,47.99092389643192],[7.8757858369499445,47.990921046584845],[7.875281749293208,47.99092632718384],[7.874964075163007,47.99093563109636],[7.874508937820792,47.990954825654626],[7.87445018067956,47.99098047427833],[7.874393435195088,47.99099556170404],[7.874280866235495,47.990996316075325],[7.87407735362649,47.990980641916394],[7.873908123001456,47.990999668836594],[7.873541750013828,47.99101936630905],[7.873250897973776,47.991014337167144],[7.873011846095324,47.99104350619018],[7.8724905755370855,47.99105532467365],[7.872274238616228,47.99107485450804],[7.872180193662643,47.99109396524727],[7.871837038546801,47.99110310152173],[7.871503019705415,47.99111785367131],[7.871346781030297,47.99112698994577],[7.871109321713448,47.991135036572814],[7.870779158547521,47.99113428220153],[7.870624177157879,47.99113880842924],[7.870395770296454,47.99113679677248],[7.87003492936492,47.991161942481995],[7.869660342112184,47.99119069240987],[7.869433863088489,47.9912082105875],[7.869315929710865,47.99122656695545],[7.868882585316896,47.99125950783491],[7.86875668913126,47.991273337975144],[7.868431052193046,47.99129546619952],[7.868257546797395,47.991313487291336],[7.868254696950316,47.99126386642456],[7.8682520147413015,47.9911754373461],[7.868258552625775,47.9909787978977],[7.868319321423769,47.99094635993242],[7.868372546508908,47.99095893278718],[7.868509255349636,47.99098441377282],[7.868864061310887,47.99100964330137],[7.869118200615048,47.99099363386631],[7.869457500055432,47.990995394065976],[7.8697852324694395,47.990965973585844],[7.8698809538036585,47.99096873961389],[7.869951613247395,47.99096077680588],[7.870090752840042,47.99095599912107],[7.870266940444708,47.99095222726464],[7.870564330369234,47.99095273017883],[7.8709055576473475,47.990937726572156],[7.871206132695079,47.990941163152456],[7.871492626145482,47.990925908088684],[7.871708795428276,47.990923477336764],[7.871987745165825,47.990899505093694],[7.8724911622703075,47.99089020118117],[7.8727650828659534,47.9908593557775],[7.873017210513353,47.99084418453276],[7.873328262940049,47.99081384204328],[7.873831260949373,47.99077603965998],[7.873963946476579,47.9907731898129],[7.874178942292929,47.99073563888669],[7.874509608373046,47.990660620853305],[7.874824600294232,47.990648383274674],[7.875024927780032,47.990649808198214],[7.875250736251473,47.990636145696044],[7.875662790611386,47.990677217021585],[7.875911230221391,47.990709990262985],[7.876193784177303,47.990721724927425],[7.876443732529879,47.99071158282459],[7.876650094985962,47.99069247208536],[7.8771597146987915,47.99071233719587],[7.877565734088421,47.99074050039053],[7.877998910844326,47.99084988422692],[7.8783489391207695,47.99097653478384],[7.878643563017249,47.99116747453809],[7.879067687317729,47.99135422334075],[7.8793437872081995,47.991466373205185],[7.879468509927392,47.99149990081787],[7.879782412201166,47.99157173372805],[7.880005370825529,47.99160500988364],[7.880240147933364,47.99169293604791],[7.880603335797787,47.99169469624758],[7.881062664091587,47.99168296158314],[7.881427779793739,47.991688745096326],[7.8817366529256105,47.99165957607329],[7.882269490510225,47.99163015559316],[7.882520528510213,47.991619762033224],[7.8830112889409065,47.99159612506628],[7.883322844281793,47.991591012105346],[7.883773287758231,47.99154968932271],[7.884015524759889,47.99153996631503],[7.88438206538558,47.99151021055877],[7.884562611579895,47.99149193800986],[7.885145405307412,47.99146695993841],[7.885457715019584,47.99144675955176],[7.8857996966689825,47.99141985364258],[7.886209236457944,47.99135615117848],[7.886353908106685,47.99132488667965],[7.8866832330822945,47.991298818960786],[7.887115487828851,47.9912737570703],[7.887348420917988,47.991233775392175],[7.887727869674563,47.99116604961455],[7.887946804985404,47.991127325221896],[7.888009250164032,47.991111567243934],[7.888317536562681,47.991069070994854],[7.888736966997385,47.99099816009402],[7.889024885371327,47.99094979651272],[7.889443561434746,47.99087628722191],[7.889772048220038,47.9908249899745],[7.890022164210677,47.99076640047133],[7.890324583277106,47.990720719099045],[7.890759352594614,47.990609742701054],[7.8908095601946115,47.99049289897084],[7.890803525224328,47.99042014405131],[7.890743846073747,47.99021084792912],[7.890605460852385,47.98984388820827],[7.890513511374593,47.98966208472848],[7.890403373166919,47.98943359404802],[7.890294408425689,47.989140059798956],[7.890223916620016,47.98900586552918],[7.890165578573942,47.988994466140866],[7.889777412638068,47.98905473202467],[7.889487566426396,47.98909965902567],[7.8890393022447824,47.989113070070744],[7.888940144330263,47.989093121141195],[7.888829167932272,47.98884954303503],[7.888791449368,47.98878693021834],[7.888804692775011,47.988896649330854],[7.889059418812394,47.989089181646705],[7.889222949743271,47.989089265465736],[7.8893509414047,47.98905523493886],[7.889441465958953,47.988982228562236],[7.889437107369304,47.98898876644671],[7.889442974701524,47.98899605870247],[7.8894448187202215,47.988996393978596],[7.889454877004027,47.988996813073754],[7.889456050470471,47.988996813073754],[7.8894574753940105,47.988993460312486],[7.889461582526565,47.988991029560566],[7.889463929459453,47.988990023732185],[7.88946820423007,47.98899128101766],[7.889459570869803,47.98898968845606],[7.889456721022725,47.98898667097092],[7.889436185359955,47.98900058493018],[7.889380780979991,47.9890326038003],[7.889309450984001,47.989059342071414],[7.889163605868816,47.98906981945038],[7.8891579899936914,47.98907183110714],[7.889144662767649,47.98907811753452],[7.889216411858797,47.98907828517258],[7.889479519799352,47.98906437121332],[7.889594938606024,47.98906076699495],[7.8897446393966675,47.98905096016824],[7.889808677136898,47.98903863877058],[7.8899510856717825,47.9890170134604],[7.890041945502162,47.98899505287409],[7.890143869444728,47.98896940425038],[7.890239171683788,47.98902237787843],[7.890334473922849,47.98928330652416],[7.890348890796304,47.98935564234853],[7.890380155295134,47.989515736699104],[7.890403959900141,47.98957164399326],[7.890543434768915,47.989808935672045],[7.890603533014655,47.98993089236319],[7.890730686485767,47.99025351181626],[7.890805872157216,47.99041570164263],[7.890909472480416,47.99045375548303],[7.891158247366548,47.990467082709074],[7.891472149640322,47.99044252373278],[7.8917499259114265,47.99039080739021],[7.891980009153485,47.990345461294055],[7.892427267506719,47.9902913980186],[7.892800346016884,47.99021319486201],[7.893094718456268,47.99015720374882],[7.893224386498332,47.990127531811595],[7.893652282655239,47.9900236800313],[7.893764348700643,47.98999182879925],[7.893849425017834,47.989976489916444],[7.894254019483924,47.98986450769007],[7.894433811306953,47.9897992964834],[7.894768416881561,47.98974758014083],[7.895084246993065,47.98967591486871],[7.895417008548975,47.98956787213683],[7.895576851442456,47.98950676806271],[7.895799642428756,47.989442981779575],[7.89607398211956,47.98931633122265],[7.896450748667121,47.98909043893218],[7.896661134436727,47.988946940749884],[7.8970560897141695,47.98874644562602],[7.897328836843371,47.98860965296626],[7.897739885374904,47.988389460369945],[7.897958736866713,47.9882413521409],[7.898119920864701,47.988125681877136],[7.898296946659684,47.98798997886479],[7.898557120934129,47.98771153204143],[7.898879572749138,47.98741229809821],[7.899028854444623,47.98726620152593],[7.899244101718068,47.98697627149522],[7.8993880189955235,47.98675901256502],[7.899533109739423,47.986561451107264],[7.89966344833374,47.98636036925018],[7.899788422510028,47.98617538064718],[7.899920856580138,47.98601780086756],[7.900161920115352,47.98567933961749],[7.900338191539049,47.98549116589129],[7.9005027282983065,47.985312128439546],[7.900719987228513,47.985125379636884],[7.9008640721440315,47.98500007018447],[7.901179399341345,47.98475389368832],[7.901328848674893,47.984635373577476],[7.90154367685318,47.98450419679284],[7.901726737618446,47.98437746241689],[7.901915414258838,47.984272353351116],[7.902143485844135,47.984104715287685],[7.90239242836833,47.98392651602626],[7.902585547417402,47.98381436616182],[7.9026490822434425,47.98381914384663],[7.902829879894853,47.98395409248769],[7.902876567095518,47.9839950799942],[7.902839602902532,47.984044114127755],[7.90267582051456,47.98414151184261],[7.902448922395706,47.98427553847432],[7.902090428397059,47.98453479073942],[7.901768395677209,47.98474199138582],[7.901594052091241,47.984873251989484],[7.901281071826816,47.985132252797484],[7.901099603623152,47.98526871018112],[7.900923667475581,47.9854404553771],[7.90070615708828,47.985656121745706],[7.900524102151394,47.9858292080462],[7.900250600650907,47.986153084784746],[7.900164518505335,47.986272275447845],[7.90003920905292,47.98649137839675],[7.899879701435566,47.986683156341314],[7.899782722815871,47.986827325075865],[7.899691024795175,47.98706277273595],[7.899497151374817,47.987213898450136],[7.899426827207208,47.98729671165347],[7.899243179708719,47.987546073272824],[7.899120468646288,47.98771354369819],[7.899102531373501,47.987715136259794],[7.899097083136439,47.98778722062707],[7.899036314338446,47.98789710737765],[7.8988307900726795,47.98804027028382],[7.898711767047644,47.98813791945577],[7.898633144795895,47.98819332383573],[7.898465842008591,47.98838225193322],[7.898408090695739,47.98851787112653],[7.898384118452668,47.98852566629648],[7.898356793448329,47.98841209150851],[7.898346651345491,47.9884416796267],[7.898170631378889,47.98856573179364],[7.897923532873392,47.98868257552385],[7.897629663348198,47.988830767571926],[7.89752178825438,47.98889463767409],[7.897475939244032,47.98888474702835],[7.8974315989762545,47.988854236900806],[7.897426318377256,47.98885155469179],[7.897363873198628,47.988919196650386],[7.897125324234366,47.989064706489444],[7.897007809951901,47.989133186638355],[7.896802118048072,47.98925916664302],[7.896745540201664,47.98929085023701],[7.896466925740242,47.989390175789595],[7.896154699847102,47.9895244538784],[7.895883126184344,47.98964993096888],[7.895602164790034,47.98974959179759],[7.8954792860895395,47.9897924233228],[7.895363448187709,47.989847995340824],[7.8949889447540045,47.99000255763531],[7.89487830363214,47.99004966393113],[7.894827760756016,47.990055195987225],[7.894429704174399,47.99022794701159],[7.894204398617148,47.990297600626945],[7.894050758332014,47.990295672789216],[7.893924191594124,47.99030757509172],[7.893569050356746,47.990478314459324],[7.8930973168462515,47.990680653601885],[7.892740583047271,47.9907404165715],[7.8924276027828455,47.990753995254636],[7.8919660951942205,47.99077277071774],[7.891656132414937,47.990800850093365],[7.8914292342960835,47.990819877013564],[7.891344577074051,47.99082306213677],[7.891347846016288,47.99082356505096],[7.891357317566872,47.99081979319453],[7.891356060281396,47.99082205630839],[7.891358658671379,47.99082809127867],[7.891367040574551,47.99083077348769],[7.891265954822302,47.990870671346784],[7.891133856028318,47.99096421338618],[7.890873933210969,47.99115397967398],[7.890548128634691,47.99127895385027],[7.890189466997981,47.99131960608065],[7.890109252184629,47.99132195301354],[7.890001628547907,47.9913189355284],[7.889794846996665,47.99131231382489],[7.889598207548261,47.99130736850202],[7.889429982751608,47.9913033451885],[7.889268295839429,47.99131860025227],[7.888898067176342,47.991412561386824],[7.8888404835015535,47.991429241374135],[7.888663709163666,47.99147785641253],[7.888320134952664,47.991580199450254],[7.888216283172369,47.99160400405526],[7.88800086826086,47.991653960198164],[7.887705657631159,47.99167340621352],[7.887277593836188,47.99165362492204],[7.887076931074262,47.9916744120419],[7.886764453724027,47.991685727611184],[7.886519199237227,47.99173543229699],[7.886045202612877,47.99182226881385],[7.8858559392392635,47.991851354017854],[7.885478585958481,47.99188052304089],[7.885317737236619,47.99187767319381],[7.884889170527458,47.99188102595508],[7.884436212480068,47.991956043988466],[7.8841598611325026,47.99199569039047],[7.8838391695171595,47.99201689660549],[7.883392749354243,47.99196518026292],[7.882920345291495,47.99198655411601],[7.8825892601162195,47.99201035872102],[7.882201513275504,47.99201044254005],[7.881685942411423,47.99198353663087],[7.881502294912934,47.99194984138012],[7.881138771772385,47.99191354773939],[7.88066410459578,47.99191430211067],[7.880116850137711,47.991917319595814],[7.880018865689635,47.99191329628229],[7.879828764125705,47.99184640869498],[7.879619300365448,47.99181438982487],[7.879424840211868,47.99178723245859],[7.8792365826666355,47.99175253137946],[7.87902326323092,47.991731744259596],[7.8787674475461245,47.99155932851136],[7.878537112846971,47.991441898047924],[7.878376180306077,47.991356402635574],[7.878027576953173,47.99120527692139],[7.877481998875737,47.9910736810416],[7.876922087743878,47.990940157324076],[7.876794766634703,47.99096278846264],[7.876491341739893,47.99093144014478],[7.8762600012123585,47.99090704880655],[7.875892538577318,47.99089866690338],[7.875612499192357,47.990889279171824],[7.875223411247134,47.990924483165145],[7.874885285273194,47.99095096997917],[7.874614717438817,47.99096337519586],[7.874496532604098,47.99101693555713],[7.874384131282568,47.99100151285529],[7.87425228394568,47.99102255143225],[7.874190090224147,47.9910081345588],[7.8741097915917635,47.991026155650616],[7.874032007530332,47.991052474826574],[7.87396059371531,47.99104526638985],[7.873808294534683,47.99106110818684],[7.8737175185233355,47.99106219783425],[7.873698910698295,47.991072088479996],[7.873466229066253,47.991075022146106],[7.87304830737412,47.991020204499364],[7.87281135097146,47.99110712483525],[7.87258705124259,47.99110637046397],[7.872399045154452,47.99110075458884],[7.872253116220236,47.99109522253275],[7.872077934443951,47.99110687337816],[7.871854892000556,47.991119027137756],[7.871725559234619,47.991139981895685],[7.871479298919439,47.99114744178951],[7.871218370273709,47.99115573987365],[7.871097670868039,47.99115280620754],[7.870963141322136,47.99115330912173],[7.870657704770565,47.99117007292807],[7.870400212705135,47.99116076901555],[7.870211116969585,47.991159092634916],[7.869905009865761,47.99119153060019],[7.869805349037051,47.99120385199785],[7.869303775951266,47.991250874474645],[7.869014935567975,47.991301165893674],[7.868659794330597,47.991322288289666],[7.868417138233781,47.99133502878249],[7.868447983637452,47.99133460968733],[7.8683883883059025,47.991356989368796],[7.868349580094218,47.99117300659418],[7.868280932307243,47.990951305255294],[7.86855099722743,47.99096689559519],[7.868877053260803,47.990989945828915],[7.869159523397684,47.990971924737096],[7.869240492582321,47.99097318202257],[7.869456242769957,47.99095734022558],[7.869700323790312,47.990951808169484],[7.869853042066097,47.99095096997917],[7.870183205232024,47.99088852480054],[7.870387053117156,47.99090310931206],[7.870760718360543,47.9909079708159],[7.871059030294418,47.990862959995866],[7.8712966572493315,47.990879556164145],[7.871850114315748,47.990917107090354],[7.872144151479006,47.99093454144895],[7.872558971866965,47.990899588912725],[7.872740942984819,47.9908596072346],[7.8728843573480844,47.99084611237049],[7.873369753360748,47.99081275239587],[7.8734710067510605,47.990804789587855],[7.8738438338041306,47.990737818181515],[7.874064948409796,47.990702111274004],[7.874224036931992,47.99068819731474],[7.874441212043166,47.99063748680055],[7.874667858704925,47.99058853648603],[7.8748334012925625,47.990612676367164],[7.875042026862502,47.990623991936445],[7.875168090686202,47.990650897845626],[7.875308068469167,47.990630781278014],[7.875698916614056,47.99064117483795],[7.87597275339067,47.99063941463828],[7.8761563170701265,47.990657184273005],[7.876291265711188,47.99067847430706],[7.876451695337892,47.9906505625695],[7.87663291208446,47.99065022729337],[7.876829132437706,47.99063690006733],[7.877186285331845,47.9906505625695],[7.877420894801617,47.990667745471],[7.877669669687748,47.99067587591708],[7.8779498767107725,47.99078836105764],[7.87812614813447,47.990842424333096],[7.878311388194561,47.99093001522124],[7.878405097872019,47.99094870686531],[7.878552619367838,47.991016600281],[7.87870567291975,47.9911098908633],[7.878952939063311,47.991221537813544],[7.879084786400199,47.99130326136947],[7.879240941256285,47.99137375317514],[7.879453841596842,47.99150065518916],[7.879590382799506,47.99152043648064],[7.879638662561774,47.99154482781887],[7.879764894023538,47.991493782028556],[7.879821807146072,47.991520101204515],[7.880061781033874,47.99157944507897],[7.88015834055841,47.99159863963723],[7.8804355300962925,47.99162747338414],[7.880523456260562,47.991599813103676],[7.880599983036518,47.99159662798047],[7.88067827001214,47.9915935266763],[7.880752868950367,47.9916194267571],[7.880802741274238,47.99163032323122],[7.881165845319629,47.991653457283974],[7.881446052342653,47.99164063297212],[7.881766492500901,47.99163032323122],[7.881937734782696,47.991618337109685],[7.882116101682186,47.99162386916578],[7.882387088611722,47.991617918014526],[7.882682550698519,47.99159612506628],[7.882900899276137,47.99157802015543],[7.883273977786303,47.99154298380017],[7.883401717990637,47.99153074622154],[7.883641608059406,47.99152119085193],[7.883864734321833,47.99150233156979],[7.884106719866395,47.991509875282645],[7.884299922734499,47.991484981030226],[7.884510308504105,47.991477604955435],[7.884678365662694,47.99145765602589],[7.885118834674358,47.99143385142088],[7.8852589800953865,47.991412142291665],[7.885475317016244,47.99140468239784],[7.885634237900376,47.991388672962785],[7.885893993079662,47.99135481007397],[7.886281907558441,47.99129261635244],[7.886515175923705,47.99129161052406],[7.886768225580454,47.99128255806863],[7.886891858652234,47.991259675472975],[7.887392425909638,47.99121399410069],[7.8878288716077805,47.99113302491605],[7.888302365317941,47.99104283563793],[7.888542506843805,47.99100402742624],[7.888919357210398,47.99091777764261],[7.889087246730924,47.99090679734945],[7.889303835108876,47.99080210737884],[7.889579851180315,47.99076430499554],[7.8898668475449085,47.99068325199187],[7.890012189745903,47.99066489562392],[7.890435224398971,47.9905813280493],[7.89075767621398,47.99051167443395],[7.8907762840390205,47.990432465448976],[7.890715096145868,47.99018553458154],[7.890642927959561,47.989987721666694],[7.890606131404638,47.98990708775818],[7.890457017347217,47.989634005352855],[7.890392895787954,47.9894366953522],[7.890323996543884,47.98926738090813],[7.890217881649733,47.98908423632383],[7.889906410127878,47.98910401761532],[7.889463929459453,47.98912991769612],[7.889152877032757,47.98915506340563],[7.888897899538279,47.9890791233629],[7.888788850978017,47.98886764794588],[7.888806452974677,47.98896395601332],[7.888910220935941,47.989135617390275],[7.889201659709215,47.98909923993051],[7.889332417398691,47.989058420062065],[7.889406764879823,47.98900687135756],[7.889442890882492,47.988999327644706],[7.889459151774645,47.98900838010013],[7.889477675780654,47.98899119719863],[7.8894757479429245,47.98898725770414],[7.8894735686481,47.98898625187576],[7.889473484829068,47.98898616805673],[7.8894735686481,47.98898600041866],[7.889469545334578,47.98898440785706],[7.889467449858785,47.98898306675255],[7.889463007450104,47.988983150571585],[7.889415482059121,47.988992454484105],[7.889190427958965,47.98904190771282],[7.889148769900203,47.989046182483435],[7.889149943366647,47.98904484137893],[7.889238791540265,47.98902992159128],[7.889494858682156,47.989028664305806],[7.889593513682485,47.98904316499829],[7.889685295522213,47.989050541073084],[7.889789566397667,47.989048110321164],[7.889964831992984,47.98901324160397],[7.890132470056415,47.98899069428444],[7.890210757032037,47.98899890854955],[7.890281919389963,47.98919512890279],[7.890286277979612,47.98924759961665],[7.890364313498139,47.98947139643133],[7.890466069802642,47.98965856432915],[7.890551313757896,47.989786472171545],[7.890598671510816,47.98992661759257],[7.890731440857053,47.99024546518922],[7.890810146927834,47.99041276797652],[7.890925398096442,47.99046590924263],[7.8911953791975975,47.9904898814857],[7.891560662537813,47.99044260755181],[7.891708100214601,47.990418719127774],[7.892005238682032,47.990369098261],[7.892403798177838,47.99030807800591],[7.892760531976819,47.99024026840925],[7.893257578834891,47.99013163894415],[7.893548682332039,47.99007564783096],[7.893893262371421,47.98998361453414],[7.894176235422492,47.98990499228239],[7.894421070814133,47.98981161788106],[7.894488712772727,47.98980097286403],[7.894563814625144,47.98976945690811],[7.894695242866874,47.989733163267374],[7.894741930067539,47.98971002921462],[7.895043678581715,47.98961715772748],[7.895212657749653,47.98960550688207],[7.895372500643134,47.989545157179236],[7.895678859204054,47.989439964294434],[7.895860746502876,47.98932546749711],[7.896212954074144,47.98912765458226],[7.8964639082551,47.98899807035923],[7.896868586540222,47.988756923004985],[7.8970852587372065,47.98864133656025],[7.897244011983275,47.98857537098229],[7.897368902340531,47.98849867656827],[7.897749189287424,47.9882672522217],[7.898140791803598,47.98814387060702],[7.898276410996914,47.987981932237744],[7.8985102660954,47.98771002329886],[7.898867670446634,47.987505504861474],[7.898910921066999,47.98727869056165],[7.899095909669995,47.987044835463166],[7.899189284071326,47.98694299533963],[7.899371841922402,47.986743254587054],[7.899580802768469,47.98645877279341],[7.89966830983758,47.9863006900996],[7.899859165772796,47.98603950999677],[7.900115484371781,47.98577061854303],[7.900227215141058,47.98552150838077],[7.90038026869297,47.98538664355874],[7.900588056072593,47.98517558723688],[7.900797855108976,47.98500241711736],[7.900937749072909,47.98489278182387],[7.9011341370642185,47.98472941853106],[7.901450805366039,47.9845202062279],[7.901713326573372,47.984320130199194],[7.902127057313919,47.98409608192742],[7.90233719162643,47.983933137729764],[7.902587056159973,47.98378687351942],[7.902661236003041,47.9838209040463],[7.902831053361297,47.983972700312734],[7.902863239869475,47.98400765284896],[7.902706665918231,47.984086191281676],[7.902599209919572,47.98415559343994],[7.902487143874168,47.98419255763292],[7.902393937110901,47.98425391316414],[7.902300311252475,47.98429992981255],[7.902215737849474,47.98437042161822],[7.902195202186704,47.984412079676986],[7.902178857475519,47.98451794311404],[7.902109790593386,47.984598660841584],[7.901989258825779,47.984672505408525],[7.901836708188057,47.98477283678949],[7.901668064296246,47.98487501218915],[7.901402693241835,47.98503250814974],[7.901172526180744,47.98521020449698],[7.901000864803791,47.985336100682616],[7.900717053562403,47.98555428162217],[7.900530891492963,47.98576810397208],[7.900460818782449,47.985846223309636],[7.900336682796478,47.98602048307657],[7.900138618424535,47.98622609116137],[7.900027725845575,47.98641812056303],[7.89990627206862,47.986610401421785],[7.899786997586489,47.98676127567887],[7.899746932089329,47.98683101311326],[7.899728994816542,47.98701407387853],[7.899635704234242,47.98706998117268],[7.899464378133416,47.987240217626095],[7.899316186085343,47.987398551777005],[7.899213759228587,47.98760885372758],[7.89917235262692,47.98762419261038],[7.8991565108299255,47.98766769468784],[7.899124324321747,47.98769879154861],[7.89910152554512,47.98777322284877],[7.899070177227259,47.98781412653625],[7.898925421759486,47.987915463745594],[7.898631216958165,47.98811126500368],[7.898572459816933,47.98831729218364],[7.898488892242312,47.98838619142771],[7.898479672148824,47.988431956619024],[7.898430973291397,47.98848367296159],[7.898392081260681,47.98852985724807],[7.898398032411933,47.9885645583272],[7.898326031863689,47.98862415365875],[7.898145653307438,47.988754911348224],[7.898077508434653,47.98876438289881],[7.897843401879072,47.988812662661076],[7.8976071160286665,47.9888544883579],[7.897517513483763,47.98887846060097],[7.897430341690779,47.98892766237259],[7.896929271519184,47.98911256715655],[7.896745875477791,47.98924039117992],[7.89666960015893,47.98934642225504],[7.896532136946917,47.98938900232315],[7.896208260208368,47.9895038343966],[7.896034503355622,47.989604668691754],[7.895950013771653,47.98963224515319],[7.895758906379342,47.98969577997923],[7.895552543923259,47.98974456265569],[7.8951953910291195,47.98986702226102],[7.8948714304715395,47.990026362240314],[7.894411766901612,47.99022660590708],[7.894309842959046,47.990291230380535],[7.8941540233790874,47.99033406190574],[7.893856214359403,47.99037655815482],[7.893692683428526,47.990463227033615],[7.8933835588395596,47.99060949124396],[7.893123300746083,47.99068341962993],[7.892649304121733,47.99075189977884],[7.892411928623915,47.99077872186899],[7.891914546489716,47.990805711597204],[7.891720002517104,47.99081367440522],[7.891458319500089,47.990836473181844],[7.891312390565872,47.990851225331426],[7.8913214430212975,47.99085893668234],[7.891320688650012,47.99085969105363],[7.891317335888743,47.990865306928754],[7.891225554049015,47.99091869965196],[7.89089011028409,47.991112573072314],[7.8906358033418655,47.991247521713376],[7.890313267707825,47.99131415784359],[7.890056446194649,47.99132455140352],[7.889751177281141,47.991298316046596],[7.889394275844097,47.99128540791571],[7.889230074360967,47.991309547796845],[7.889073416590691,47.99135087057948],[7.888564802706242,47.99149009399116],[7.888330863788724,47.991563603281975],[7.888092482462525,47.9916347656399],[7.887982679530978,47.991651110351086],[7.88791093043983,47.99166359938681],[7.887689983472228,47.99167491495609],[7.887183465063572,47.991680447012186],[7.886942652985454,47.991687236353755],[7.886814493685961,47.99169125966728],[7.886453820392489,47.99173844978213],[7.886176211759448,47.99182042479515],[7.885937914252281,47.99187767319381],[7.885653432458639,47.99189921468496],[7.885589813813567,47.99189602956176],[7.885098718106747,47.99189183861017],[7.884818259626627,47.99193433485925],[7.884470745921135,47.99199250526726],[7.884388184174895,47.991996528580785],[7.884267149493098,47.992006838321686],[7.884162208065391,47.992012957111],[7.884014770388603,47.99202770926058],[7.88384017534554,47.992019997909665],[7.8836053144186735,47.99200524576008],[7.8832499217242,47.991969622671604],[7.8829785995185375,47.991989739239216],[7.88274273276329,47.99199426546693],[7.882451545447111,47.99200943671167],[7.882281895726919,47.99201681278646],[7.88217687048018,47.99201547168195],[7.881916109472513,47.99201840534806],[7.881539845839143,47.991984793916345],[7.881434401497245,47.991969622671604],[7.881003739312291,47.99192192964256],[7.880503591150045,47.991960318759084],[7.880300413817167,47.99197339452803],[7.880070079118013,47.9919405374676],[7.880008807405829,47.99191480502486],[7.879899842664599,47.99186233431101],[7.8796895407140255,47.99181397072971],[7.879500780254602,47.991790333762765],[7.879307242110372,47.99175328575075],[7.879135999828577,47.99172814004123],[7.878973474726081,47.99168354831636],[7.878748504444957,47.99153837375343],[7.878688657656312,47.99150375649333],[7.878443654626608,47.99135724082589],[7.878159927204251,47.9912444204092],[7.877863543108106,47.991149201989174],[7.877682913094759,47.99110159277916],[7.877498846501112,47.99106974154711],[7.877227105200291,47.99100486561656],[7.876926865428686,47.990937307477],[7.876470135524869,47.990888860076666],[7.876130165532231,47.99087452702224],[7.875625239685178,47.99089330248535],[7.875300860032439,47.9908802267164],[7.87509860470891,47.990909311920404],[7.874669283628464,47.99091157503426],[7.874328643083572,47.99097645096481],[7.8742158226668835,47.990976786240935],[7.8740802872926,47.99097368493676],[7.873869566246867,47.9910044465214],[7.8737072087824345,47.99098290503025],[7.873588353395462,47.99098474904895],[7.873301105573773,47.99099078401923],[7.8730902168899775,47.99099740572274],[7.872968092560768,47.99101090058684],[7.872648239135742,47.99105918034911],[7.872393261641264,47.99107510596514],[7.872134931385517,47.991089606657624],[7.871892778202891,47.99108499661088],[7.871672920882702,47.99110787920654],[7.871430264785886,47.99110813066363],[7.871056599542499,47.9911220446229],[7.870693663135171,47.991125816479325],[7.870592577382922,47.99116211012006],[7.870610766112804,47.991172755137086],[7.870607748627663,47.99118708819151],[7.8705312218517065,47.9911772813648],[7.870340030640364,47.991165881976485],[7.870093015953898,47.991152135655284],[7.869928563013673,47.99115448258817],[7.869864357635379,47.991149201989174],[7.8696435783058405,47.9911704082042],[7.869464876130223,47.99120184034109],[7.869178298860788,47.991242576390505],[7.869030777364969,47.99124475568533],[7.868736069649458,47.991268057376146],[7.8685162961483,47.99128599464893],[7.868411270901561,47.991305608302355],[7.868319489061832,47.99132798798382],[7.868298031389713,47.99134198576212],[7.868268694728613,47.991273421794176],[7.8682399448007345,47.99106982536614],[7.868233490735292,47.99098030664027],[7.868295349180698,47.99097561277449],[7.868445720523596,47.99099178984761],[7.868544207885861,47.990998327732086],[7.868829695507884,47.99102447926998],[7.869099425151944,47.99101802520454],[7.869408633559942,47.99098449759185],[7.869642488658428,47.9909732658416],[7.869732258841395,47.99096714705229],[7.870026296004653,47.990991454571486],[7.870279848575592,47.99097569659352],[7.870639935135841,47.99096588976681],[7.8709538374096155,47.99096739850938],[7.871450129896402,47.99091995693743],[7.871513161808252,47.990923058241606],[7.871820442378521,47.99095851369202],[7.8722646832466125,47.9909233096987],[7.872693249955773,47.99084275960922],[7.872953424230218,47.99083932302892],[7.873372184112668,47.99080747179687],[7.873852550983429,47.9907729383558],[7.87416972219944,47.99072960391641],[7.874239208176732,47.990712923929095],[7.8744051698595285,47.99068191088736],[7.874791491776705,47.99068249762058],[7.875000704079866,47.99067026004195],[7.875054096803069,47.9906693380326],[7.875196421518922,47.99066489562392],[7.875295076519251,47.99065609462559],[7.875379817560315,47.99064427614212],[7.875436898320913,47.990641593933105],[7.875607637688518,47.99062717705965],[7.875703275203705,47.99060756340623],[7.875843420624733,47.99060957506299],[7.8759669698774815,47.990628434345126],[7.8761533834040165,47.990642515942454],[7.876284057274461,47.99063690006733],[7.876498633995652,47.99065257422626],[7.876795437186956,47.990665985271335],[7.877227272838354,47.990699764341116],[7.877361718565226,47.99071786925197],[7.877509240061045,47.99070035107434],[7.877937303856015,47.99084150232375],[7.878409205004573,47.991042667999864],[7.878731656819582,47.99118708819151],[7.87893776781857,47.99125221557915],[7.879246640950441,47.99141532741487],[7.879402711987495,47.99147626385093],[7.879510670900345,47.991526052355766],[7.8796385787427425,47.99154046922922],[7.879878301173449,47.9916141461581],[7.880002185702324,47.991659408435225],[7.880190275609493,47.9916987195611],[7.880440810695291,47.99168271012604],[7.880957890301943,47.991741467267275],[7.881436329334974,47.9917127173394],[7.8818609565496445,47.991677513346076],[7.882158430293202,47.991666281595826],[7.882401421666145,47.99163426272571],[7.8828128054738045,47.9916088655591],[7.883140621706843,47.99159654416144],[7.883308092132211,47.9915744997561],[7.883492326363921,47.991577768698335],[7.883618390187621,47.991561172530055],[7.883857861161232,47.9915190115571],[7.8840623795986176,47.99153150059283],[7.884270334616303,47.99149872735143],[7.884432775899768,47.9914812091738],[7.884638803079724,47.99150576815009],[7.884856481105089,47.99150534905493],[7.885132497176528,47.99148405902088],[7.88541354238987,47.99146570265293],[7.885753093287349,47.991425804793835],[7.885862477123737,47.991410214453936],[7.886286098510027,47.99136855639517],[7.886468069627881,47.99136109650135],[7.886853218078613,47.99132631160319],[7.887362502515316,47.99127995967865],[7.887786291539669,47.991190357133746],[7.888025427237153,47.991115087643266],[7.888344107195735,47.991053480654955],[7.888738643378019,47.99101266078651],[7.889147428795695,47.99091258086264],[7.889482202008367,47.99086522310972],[7.889929041266441,47.99076883122325],[7.890331540256739,47.99070864915848],[7.890690788626671,47.99061804078519],[7.890797071158886,47.99047471024096],[7.890788018703461,47.990381671115756],[7.890706295147538,47.99010884016752],[7.890661787241697,47.98997816629708],[7.890567323192954,47.98977825790644],[7.8905439376831055,47.98971799202263],[7.890463303774595,47.98955647274852],[7.8904034569859505,47.98941833898425],[7.890364481136203,47.98928380943835],[7.890234058722854,47.98899354413152],[7.890145294368267,47.98899807035923],[7.8897142969071865,47.98905272036791],[7.889214316383004,47.9890685621649],[7.889029663056135,47.989070657640696],[7.888845345005393,47.98903914168477],[7.888812655583024,47.98892539925873],[7.888747528195381,47.98877234570682],[7.8888496197760105,47.988901007920504],[7.888880046084523,47.98904936760664],[7.888968139886856,47.98906361684203],[7.8892728220671415,47.989043332636356],[7.889341972768307,47.98900913447142],[7.889405339956284,47.988983150571585],[7.889403495937586,47.988979211077094],[7.889403495937586,47.988979211077094],[7.8894027415663,47.988976780325174],[7.88940223865211,47.988976361230016],[7.889402825385332,47.988976361230016],[7.889402909204364,47.988976361230016],[7.889403495937586,47.988976361230016],[7.889390755444765,47.98896714113653],[7.889372315257788,47.9889615252614]]}}],"meta":{"totalKm":80.97739,"points":8001,"downsampledTo":4001,"lapKm":6.706}}